"user","n","acc","mean_lrt","sd_lrt","alpha","alpha_adj","alpha_shuf","alpha_correct","hints","ac1","alpha_ar1","r2_scaling","slope_small","slope_large"
53167,257,0.719844357976654,9.92147697921967,0.896027661614213,0.6577920374653,0.56806640761039,0.504457257323371,0.527025791419732,0.0972762645914397,0.134525049821681,0.556076271903401,0.986900028065474,0.599040951553936,0.69653775163207
64525,539,0.851576994434137,9.84441600503882,0.981827681432419,0.738565660563759,0.708764673181703,0.500798657119513,0.571858024305524,0.0166975881261596,0.186422711689616,0.559095598905747,0.981678073571579,0.596643182164147,0.882263890176974
70695,264,0.723484848484849,10.3585392681687,0.942998334589643,0.668939239833943,0.707921685840142,0.489105931478985,0.606057527747646,0.0643939393939394,0.257680904306362,0.602292181380848,0.986097979050312,0.732371281727802,0.602786894359611
70702,414,0.801932367149758,9.91748484241133,0.947513008642768,0.846388523009215,0.695553044309091,0.505512598977846,0.667792341922055,0.0748792270531401,0.222376543375591,0.567035890124619,0.996903261487652,0.714242728194672,0.683149598397469
70704,300,0.83,9.88052839026306,0.838378592611842,0.82393970520504,0.677677924544062,0.502494463989123,0.617578205333514,0.07,0.166694015449806,0.546563396190418,0.98532707194479,0.684816625389334,0.51277093299356
70707,561,0.798573975044563,9.99473381580893,1.04941190304071,0.676221348720542,0.541473876091459,0.503971184528387,0.528801150011526,0.0570409982174688,0.103942330650706,0.539684030936644,0.994127122110504,0.47655200796318,0.581866274377017
70708,396,0.737373737373737,9.73083824030077,0.965004161883356,0.841815056696252,0.76420662596758,0.499767168584323,0.650671287416869,0.0505050505050505,0.309518366435785,0.588357644649927,0.994623459241437,0.738363314556246,0.733991264867216
70727,592,0.780405405405405,9.7400426063653,0.922433983794811,0.697793863695032,0.633144027536319,0.49236102725084,0.630501118514303,0.0591216216216216,0.238208006112499,0.57210036368041,0.996159495365153,0.604209076485161,0.599275627669595
70729,621,0.608695652173913,9.77032413253032,0.942618372428814,0.834576125264661,0.73118129590462,0.498467075440994,0.683350762218001,0.206119162640902,0.270603519556079,0.574812210100433,0.995756825882291,0.680480034500338,0.758122351270781
70730,436,0.738532110091743,9.8810396907621,0.991905082890649,0.738175463824007,0.552609126082641,0.49082351647376,0.663760773060735,0.0779816513761468,0.236987556469098,0.561645342814005,0.976594919085225,0.670413930557604,0.4599871561884
70731,288,0.729166666666667,9.87045594829018,1.00005760011151,0.730912604329128,0.742021610638079,0.494101628215292,0.519423086427546,0.0694444444444444,0.105727460014458,0.52534478091018,0.9816979729921,0.669961382234795,0.843412600533425
70732,333,0.615615615615616,9.72298120960659,0.885848511497994,0.600262190172487,0.57292351394995,0.491635442152331,0.636746440746599,0.159159159159159,0.133843624662931,0.550077323747713,0.995370736838747,0.585274844731639,0.488283039873558
70733,585,0.735042735042735,9.62698015963258,0.905383919160155,0.757258818557484,0.620673029738,0.523349464359006,0.628702656531962,0.0376068376068376,0.223920300663976,0.580302742269816,0.989672092975216,0.608290493130414,0.515170606186316
70736,279,0.681003584229391,9.94971733368231,1.30533755942604,0.667783680578606,0.582367325086753,0.496040366472159,0.555174822588593,0.139784946236559,0.208442424218981,0.569078589924931,0.991795285795489,0.544106461808493,0.520083807540497
70740,308,0.678571428571429,9.71694509780151,0.825694464352225,0.889601910198908,0.573347401591456,0.524582185447867,0.506168251177784,0.11038961038961,0.0989608750260342,0.552604992143921,0.98693665049719,0.699719344285094,0.546600434862371
70744,342,0.763157894736842,9.66303395532291,0.806415165711001,0.736254137920919,0.624096873048857,0.512973257701803,0.513652668319421,0.105263157894737,0.143836871165266,0.539034326595362,0.980431859033713,0.71560321752888,0.487640643728369
70745,341,0.81524926686217,9.90659828266035,0.928876914070107,0.73420226190968,0.598738693917424,0.490432315336284,0.5879717925866,0.0527859237536657,0.128146603227986,0.540947845661005,0.993058448357796,0.589956075800119,0.672961493959473
70746,712,0.688202247191011,9.63632749044534,1.03064150776056,0.711305384208441,0.715477786333483,0.518498384451878,0.684206324247581,0.10814606741573,0.342301653641945,0.597315503017957,0.993837465334668,0.732668155402038,0.835176631215833
70756,425,0.778823529411765,9.66543074585378,1.00521542419382,0.712320127908799,0.753057247180188,0.498699110322169,0.500126402342768,0.00235294117647059,0.218613540792708,0.559945360652876,0.989843835569624,0.619773515743254,0.795932539425134
70816,364,0.57967032967033,10.4792659059103,1.04063077572224,0.724623639915731,0.715174513780526,0.51500518405841,0.717853190308602,0.167582417582418,0.269371666159021,0.570789892548993,0.983417295978051,0.690817218073874,0.857375138512127
70874,408,0.732843137254902,10.1938383380313,0.93332608287149,0.580053941034104,0.680106424829702,0.498089014302371,0.491089595690591,0.112745098039216,0.17116946577295,0.556195283949187,0.979907020443447,0.539725062974717,0.844661557664797
71740,649,0.707241910631741,9.7621321923417,0.96047234359816,0.724051440679463,0.600793351299085,0.480926578002079,0.525394169234229,0.061633281972265,0.14794124735579,0.521551175039774,0.993868746689643,0.652991522311016,0.546878989393973
71830,294,0.642857142857143,10.0689204932868,1.03328378060356,0.78582782206629,0.744223093522046,0.478898387583881,0.679717389392917,0.139455782312925,0.279370693936037,0.575773693344792,0.993883957958091,0.691061858484439,0.840639369801995
71831,433,0.711316397228637,10.2216656676011,0.972816452439507,0.817696261531063,0.758768153492818,0.510308017218993,0.486536706439053,0.113163972286374,0.25606759527128,0.583886096985603,0.992966666608285,0.866681419845498,0.693578724251933
71872,320,0.7625,9.86857539172156,1.00384661303033,0.616955609017196,0.62301597074477,0.535562661846344,0.423936570580351,0.09375,0.303472065633335,0.586157154720394,0.981097364268019,0.70209369935615,0.732612701618249
71881,859,0.715948777648428,10.558209406302,1.14259248984934,0.790074631196815,0.655931646051032,0.501628381070534,0.582848325301629,0.146682188591385,0.13966319477738,0.5191928757648,0.997369407025529,0.658685199365579,0.617914698425229
71907,340,0.764705882352941,10.1691046521558,0.92621305672029,0.733095965975478,0.719444007113887,0.515028833128181,0.529132164613192,0.0352941176470588,0.15172453614745,0.56761191508985,0.987329240297162,0.65117240063507,0.595088684778604
73100,262,0.465648854961832,9.29607185103682,1.04740421196784,0.796376986357108,0.72485977733081,0.503490392955604,0.629857644179949,0.156488549618321,0.344627792881821,0.606438038026331,0.985067206940824,0.761975881179892,0.61326357031012
73684,682,0.777126099706745,9.6939037860724,0.935131714974775,0.729802817536427,0.719276625740989,0.48834261192707,0.597931021341204,0.06158357771261,0.17650899690502,0.533344683922575,0.991517704135141,0.612736840651,0.859729313102789
73685,548,0.786496350364963,9.81386914277516,0.916181180112118,0.795780196856574,0.634563780649469,0.477191511211726,0.5693417279279,0.109489051094891,0.190462156913923,0.542339133434788,0.978212815324268,0.729158048615418,0.40485445482053
73962,519,0.645472061657033,10.3248641971305,1.1612278755165,0.785038211560265,0.722530568454015,0.50890130201553,0.610480831784125,0.165703275529865,0.411229483293209,0.632686089953472,0.995842296988322,0.719496728733448,0.629094875354244
74678,397,0.81360201511335,9.9474553735443,1.0430151851987,0.776559946478338,0.799295509978706,0.503913172648866,0.599424651318817,0.0403022670025189,0.311714570172664,0.567905309066135,0.984481415183221,0.707158294320974,0.731558442364128
74698,477,0.733752620545073,9.50706771614679,0.853772532535525,0.814694262080497,0.770623320442733,0.509826135745299,0.637376022609705,0.0607966457023061,0.218323272642982,0.586246928816144,0.99560967901241,0.710937491420353,0.801641801613104
75169,963,0.805815160955348,9.53762363615168,0.914133898958398,0.779015343480394,0.662461941352195,0.490186814923739,0.534170573799894,0.0498442367601246,0.162184569500727,0.525574217917532,0.996720942507353,0.665523049275785,0.725802075975709
75361,423,0.567375886524823,9.21163525092098,1.0574636438019,0.776815274692279,0.911710147496649,0.526443391105834,0.762149679248849,0.217494089834515,0.456876402828587,0.664213312226569,0.955299867258764,0.452138881521088,1.1045758305412
78073,621,0.758454106280193,10.0980291243032,0.868257656605368,0.636497418418437,0.628808994349276,0.515441041357978,0.508661570864029,0.0869565217391304,0.182003890932156,0.541989072734284,0.955915979705268,0.545418526001049,0.892943327099539
78178,333,0.588588588588589,9.6731073734008,1.17812695744798,0.86746216011177,0.899939166329781,0.516337108880234,0.547512571392836,0.0780780780780781,0.369665783143686,0.620388925811129,0.951937710534548,0.76328037126836,1.3168808367488
78286,286,0.524475524475524,10.110415904158,1.16267310884689,0.968789792673498,0.821645778973573,0.484152607455303,0.812584069767599,0.0909090909090909,0.306874248493521,0.589648803593207,0.981205874112563,0.609914914018431,0.965747841047665
78341,270,0.22962962962963,8.86548650454748,1.57169305704466,0.688497392441941,0.664449190527949,0.510629328654721,0.746879404558902,0.540740740740741,0.463168712016625,0.676349965308413,0.953830177317076,0.715433198848459,0.578005553720325
78345,276,0.547101449275362,9.21293636678775,1.18662083586165,0.943294323094404,0.86339400443595,0.505440132721585,0.632428720658184,0.253623188405797,0.360995755874596,0.602870970877221,0.979719020584887,0.747266140249349,1.06019831303719
78450,302,0.76158940397351,10.0923411566264,1.10728845129314,0.896002858519982,0.805192681433658,0.516730756812123,0.715313378774193,0.0596026490066225,0.304057973250254,0.606962010211627,0.987193842531105,0.846407275977021,0.909138338538507
78452,296,0.793918918918919,9.90857044236361,1.11578595609763,0.984688071388051,0.834907685101441,0.49282058881876,0.708841635603341,0.0371621621621622,0.361356342237249,0.655742893460438,0.991676890272939,0.740344293221027,0.860304988431857
78454,314,0.789808917197452,9.79363224989496,0.969050523772123,0.86655532879223,0.679235569496666,0.485419292139406,0.718785915411483,0.0286624203821656,0.0581511391167384,0.524579857711922,0.992506677078946,0.693055162098204,0.762534871169932
78455,304,0.796052631578947,9.7367245261397,0.957995835038447,0.951873258814484,0.639088713710063,0.514974749570569,0.611655111201131,0.0526315789473684,0.199576494360784,0.556711673351021,0.992864555018555,0.566535012016836,0.621741674721725
78458,272,0.805147058823529,9.88778145970177,0.902877824156102,0.759012971028791,0.717660626473137,0.495471690485783,0.760026520178736,0.0441176470588235,0.229117305899089,0.582764599477543,0.97460114133596,0.72044941061074,0.88282733807842
78459,273,0.776556776556777,9.73272578066341,0.947631054501179,0.987007074313319,0.658070739831573,0.503656888942992,0.626588317616721,0.0879120879120879,0.108660395452938,0.553209554500328,0.986038229361885,0.673021179364289,0.821025648295646
78461,272,0.757352941176471,9.49552842269731,1.12411781837378,0.794365694812046,0.707136590715661,0.495600347989337,0.704188978456338,0.150735294117647,0.318698085094091,0.601207893925348,0.962997983436905,0.690279353227297,0.449124331423987
78673,654,0.729357798165138,9.59936045835008,1.02780709088715,0.727205476809134,0.660197194168683,0.497216607716644,0.76116094334483,0.0565749235474006,0.307491999732677,0.575750061438113,0.990595342151453,0.728370727037844,0.538548674724801
78903,469,0.816631130063966,10.5690117461844,1.28643106116953,0.8245692848064,0.75945704534564,0.482681985644356,0.640068588899825,0.0277185501066098,0.156281831575033,0.541934891901456,0.983189081368242,0.621689471490864,0.924637937025626
78904,516,0.794573643410853,10.3232817833829,0.995637123961674,0.781116870739256,0.714391991105948,0.508013806347655,0.675836300703195,0.0445736434108527,0.190008707748402,0.553890514520377,0.997316637317764,0.684367297234998,0.675333018171869
78905,583,0.778730703259005,10.5080881658699,1.08947491153832,0.804290872357057,0.808632986634527,0.510356267519446,0.552190204300714,0.072041166380789,0.494244957075588,0.671181643744389,0.993224877792103,0.933582288254304,0.784862947955674
78906,527,0.815939278937381,10.2023218503221,1.05597096322262,0.693405858059607,0.701417722331239,0.507785517946308,0.548570224078319,0.0512333965844402,0.205542585764059,0.549527822721914,0.989222939614416,0.686141771033228,0.672571715578025
78907,430,0.888372093023256,9.57736012654765,0.852297529626187,0.852418677399928,0.746337711708953,0.506049258366327,0.596678362867754,0.0232558139534884,0.318799522687019,0.604122774581375,0.980797522644565,0.868817818720245,0.7141916650222
78908,635,0.738582677165354,10.2268917707981,1.01810096692558,0.657769659956215,0.686509327436359,0.526575363322811,0.458044605604812,0.0913385826771654,0.177924718530241,0.527240751675449,0.990336702794894,0.575420078948625,0.767224950722903
78909,505,0.841584158415842,10.2292191492415,1.15684989975282,0.715417671903545,0.630425921559785,0.483337885365164,0.672556531116092,0.0336633663366337,0.194124506174518,0.546176272343661,0.996917587531841,0.676048235080987,0.641389302376498
78910,545,0.81651376146789,10.3109907484756,1.11128407188348,0.643414199916455,0.585631089902224,0.518931875957237,0.591467981725672,0.0293577981651376,0.246449366286486,0.566610811744443,0.955302837929179,0.739558470759624,0.301864101014301
78911,579,0.761658031088083,10.1438637022451,0.932890619833644,0.685954436600453,0.599741658734011,0.490558433764545,0.58861612525504,0.07426597582038,0.0845375830264638,0.523811915288478,0.989783290790406,0.519699760391781,0.714058879875915
78912,444,0.880630630630631,10.4166596805275,0.949097913846149,0.66181775423584,0.633862860985034,0.491367466917483,0.469974332990194,0.0112612612612613,0.132530833946607,0.544847969825425,0.988413021197767,0.525714675842198,0.692766040633105
78913,517,0.794970986460348,10.9197816794666,1.06323363676691,0.750151244937149,0.680701023902994,0.515928339436499,0.588640955738016,0.0328820116054159,0.195701908413943,0.549858865821269,0.993557536729941,0.70812819780021,0.595762679144995
78914,461,0.802603036876356,10.4723724885053,0.972603418862286,0.603948931604164,0.509809899508866,0.507562899818688,0.590522892919133,0.0845986984815618,0.0856307640713894,0.517457044316576,0.991286678089963,0.597922437579824,0.488279293840789
78915,621,0.711755233494364,10.7059588253889,1.21476208928897,0.739695654567361,0.665703149222617,0.512259801721305,0.74705500411927,0.0805152979066023,0.244866828121149,0.567567277025303,0.984872747738939,0.671880902611312,0.499511720098969
78916,660,0.763636363636364,9.86359767734409,1.07976387315322,0.831350814054161,0.769722275278303,0.516617068941463,0.630649935991251,0.053030303030303,0.242561415622152,0.542805763075292,0.992749247981231,0.70788354538054,0.839642464532172
78917,608,0.782894736842105,9.77824683864558,1.01440336871683,0.679544974854431,0.709262374023481,0.503395109216698,0.573129978922955,0.0279605263157895,0.276115524589486,0.573258641800891,0.993075765927555,0.710318504342981,0.564112257900143
78918,625,0.7152,10.2071943485721,1.10656952486563,0.983011554515207,1.03087636392087,0.496875625922734,0.74030286834104,0.1104,0.59681597427522,0.725312455764776,0.989080750567374,1.07504530545857,0.987687402015396
78919,678,0.699115044247788,9.90280876845444,1.11161490973962,0.776953671114468,0.862035297664691,0.492114310139666,0.702595992109549,0.131268436578171,0.473356208402199,0.638962725859886,0.992042980184762,0.79695139458166,0.958166406575574
78920,420,0.907142857142857,9.76815319766439,0.905636058385879,0.67408374028782,0.637102936633622,0.511144753728601,0.52670175587642,0.00714285714285714,0.110943113270401,0.535437937924195,0.991770920514921,0.63170055871919,0.672492460024477
78921,439,0.895216400911162,10.6373991983409,0.986835677326005,0.61381026165776,0.645638874053132,0.508584721855625,0.485295905345144,0.020501138952164,0.112869700524089,0.524428653872312,0.983782723780225,0.642445501226817,0.789867583444538
78922,570,0.784210526315789,10.1610105371204,0.849042856358544,0.766551499997664,0.674522754432876,0.503396346175227,0.540030202813679,0.056140350877193,0.244469586096579,0.576808130210117,0.998257200473512,0.729078061988933,0.64308656074302
78923,646,0.747678018575851,10.3142889815196,1.07492904847211,0.653926640504554,0.590693547877622,0.504336008459569,0.585259916259,0.0835913312693498,0.0389298998056497,0.515666967339118,0.997192353360001,0.615474436835532,0.632735236527993
78926,514,0.824902723735409,10.5314536079228,0.928190469736978,0.662308590389226,0.594421829509108,0.496893296646704,0.568300961184168,0.0311284046692607,0.178144332371934,0.568655061250839,0.994562237363096,0.584932911415187,0.686243836025024
78945,277,0.296028880866426,9.46561177543642,1.30593925308584,0.973653020549684,1.06946590937329,0.511565704131962,0.780541559195681,0.541516245487365,0.601957976899744,0.761849601598104,0.990172135888743,0.930040592300225,1.16065959263161
78970,973,0.586844809866393,10.0616370205053,0.959786808878784,0.79268010996705,0.737681731377659,0.507448001700529,0.54118751962341,0.137718396711202,0.271982683940821,0.566273467334545,0.99786299708705,0.774647420306573,0.760325446768474
78971,399,0.714285714285714,10.7746171713438,0.942019401888594,0.75109912145491,0.662130426564086,0.521583948888671,0.521039526643475,0.0726817042606516,0.267790130066525,0.591754322622671,0.995176299766692,0.634494261315199,0.572405248711607
78972,536,0.712686567164179,10.0596701844891,0.979551042635778,0.709101641407353,0.746013312479838,0.496352002287935,0.699922259589201,0.0764925373134328,0.253078555486329,0.547233684244113,0.993091854181967,0.632734079964692,0.805088333390356
78974,590,0.769491525423729,10.3423063206722,1.10344470099063,0.689280046308037,0.63537745112521,0.515586006571916,0.638307547181923,0.0525423728813559,0.223390431810135,0.552933403015895,0.988446065428125,0.753950682127437,0.500149831587107
78976,650,0.672307692307692,10.6913893522456,1.1913048007372,0.702417055028128,0.573998360285995,0.492945942196261,0.50981362811996,0.106153846153846,0.263978283557463,0.562967705895806,0.988731208341913,0.630958981454851,0.499139100745537
78977,755,0.643708609271523,10.3968214906628,1.09396472416291,0.738682210185982,0.625552774370131,0.496515986128957,0.65076333805566,0.168211920529801,0.242190479142715,0.55201209420321,0.993511108018321,0.702356744840598,0.62179654688017
78978,899,0.609566184649611,9.91052583868617,0.880216801028743,0.730566457447089,0.712360639980216,0.507938816227979,0.590839907035335,0.131256952169077,0.266283908802338,0.560114382189456,0.989424274704745,0.84544421000839,0.611782252788716
78979,832,0.5,10.0352381038964,1.18746269284203,0.790979833041554,0.806237329621725,0.498682225575315,0.703759666497927,0.205528846153846,0.443854037906739,0.639248659342092,0.988677805511252,0.842023997522401,0.916194933757254
78980,831,0.619735258724428,10.2497314031844,1.01336973710294,0.786764445946764,0.683385686582726,0.497001488652208,0.57439026592097,0.204572803850782,0.190650186346238,0.551505546748695,0.989879845158293,0.653170625021711,0.792696102355473
78981,656,0.698170731707317,10.3247122551767,1.1987186249988,0.772660252730314,0.782160463154233,0.511039602337047,0.797921482736224,0.111280487804878,0.448818306639823,0.639056595317079,0.994488813477713,0.822458073492507,0.822241708139261
78982,617,0.769854132901134,10.3578017503571,1.05019223038396,0.868518325040873,0.720358879567766,0.500327829871883,0.677923723164795,0.0583468395461912,0.32667337296482,0.594571231431274,0.988992993310901,0.75216243531228,0.718854179659061
78983,544,0.777573529411765,10.4442842628865,1.05010206337779,0.841672001172795,0.73116180779556,0.487622517174181,0.64205387483371,0.0698529411764706,0.159975529748145,0.548374359977895,0.997676441198771,0.700560802710159,0.689022044600607
78984,634,0.727129337539432,10.2111205800498,1.10949232450516,0.705186392088716,0.618737345973928,0.499210082957807,0.55614853740082,0.102523659305994,0.232421959643548,0.554033127126784,0.99533527660968,0.689228588186987,0.63685742539146
78985,651,0.703533026113671,9.90230120579611,0.951044639416304,0.71846705017707,0.664655576602636,0.497035145935345,0.612774211636038,0.1321044546851,0.177538617094417,0.524918101590986,0.992709964651058,0.704853969101192,0.780732109048234
78987,803,0.567870485678705,10.3644330950226,1.23503360319473,0.682438561855174,0.703274900175668,0.497995431605917,0.660648161725147,0.211706102117061,0.306867643838383,0.577568338678337,0.983648161267267,0.808347665494487,0.495114192022185
78988,555,0.785585585585586,10.2271534836223,0.972219799383039,0.703951668152657,0.615341218869794,0.489444349864312,0.617775817157103,0.0396396396396396,0.196174701101846,0.552343848603132,0.994153824179932,0.554674510529071,0.628698394239162
78989,836,0.620813397129187,10.0476685632115,1.1480549234592,0.704786325183822,0.672553160843342,0.510332773740449,0.701401205160642,0.180622009569378,0.329052916392799,0.576271522585259,0.989743104728308,0.752567278026503,0.579185101321226
78990,643,0.681181959564541,10.6388799314834,0.858534682413348,0.742130150930651,0.718482659343361,0.502895864670892,0.663205278423504,0.16796267496112,0.256325995997817,0.573285020113642,0.998056753985683,0.721901154223308,0.770867157919646
78991,601,0.715474209650582,10.7963338618731,1.05835950647367,0.764662410683449,0.69220442436547,0.494158000185955,0.548830153078341,0.0782029950083195,0.287403599146589,0.58362735173528,0.988905211983405,0.747126316432525,0.682970980410152
78992,621,0.758454106280193,10.8010956928242,1.0590875551773,0.797472397097849,0.697708831844258,0.509496004824151,0.596143876369952,0.07085346215781,0.235572893104691,0.558570295396462,0.989224667857304,0.732880270249844,0.545122170005042
79012,748,0.679144385026738,9.99772375650683,1.03770755833703,0.709575267819552,0.705950429739404,0.494872542375511,0.660444630551709,0.133689839572193,0.284156200051281,0.566979429297119,0.997394704517235,0.686754958611795,0.723050378329842
79013,785,0.656050955414013,10.2163475824769,1.02454380514381,0.770664646000431,0.57010481769454,0.493586119394387,0.577246663645893,0.135031847133758,0.213990139015403,0.556246904025017,0.992548484382321,0.637753418234705,0.506278068111786
79014,581,0.726333907056799,10.4524896221137,0.96179972480672,0.780450693006317,0.721554132200934,0.508561344644404,0.658508277501216,0.0499139414802065,0.212606608925845,0.575700202606632,0.995877541328056,0.678569098695836,0.70035103300149
79015,462,0.74025974025974,10.3257519986548,1.07346069506399,0.814732193538113,0.718845565166461,0.505288254509402,0.532981223841557,0.0822510822510823,0.30475633043243,0.572881748303196,0.996166328948759,0.778234669291165,0.739766850199416
79016,687,0.655021834061135,10.0250242997014,1.05194490009266,0.792499631008638,0.725913719214825,0.505038314985688,0.67625174304644,0.152838427947598,0.327712068479182,0.591594235837431,0.987520830060099,0.821745371117512,0.569967059388544
79017,306,0.522875816993464,10.4440779178391,1.13293589987777,0.777085347584117,0.620573151530252,0.515599548006708,0.840134991402876,0.140522875816993,0.165562534559566,0.55162166055474,0.989705450412721,0.664409706148342,0.59969165126922
79018,778,0.650385604113111,9.73909311135664,1.06308513903324,0.669623312767323,0.619523991759636,0.512296328076591,0.601438203796408,0.138817480719794,0.120686577919869,0.541512274046958,0.993625960947414,0.653669899746588,0.516358878995028
79019,843,0.578884934756821,9.65921239507381,1.1396764358802,0.698890438698462,0.614640709549801,0.492408803373671,0.674847893665997,0.163701067615658,0.224792080270746,0.559839511212593,0.998255601203554,0.656964686283557,0.626000719230939
79020,632,0.697784810126582,10.1987076475259,1.22935783442037,0.766386457202861,0.695384894196895,0.503454082213409,0.649678635702913,0.0949367088607595,0.281947120982713,0.573830845963321,0.996779426658898,0.749703420541733,0.759103797364225
79021,864,0.540509259259259,10.1571966579959,1.18287579633633,0.802157679208456,0.760001341046362,0.501288264225813,0.809365850755908,0.233796296296296,0.294525067696176,0.567667271217369,0.988280967525873,0.722144648896241,0.874121896770131
79022,773,0.693402328589909,10.2090984717223,0.925929179440302,0.767968469023229,0.773268481785136,0.505392675046384,0.53145351613379,0.108667529107374,0.217637672254201,0.568120118352901,0.994940978425828,0.670218222078212,0.823487473900498
79023,587,0.7206132879046,10.1394970174589,1.04187108571615,0.804498451328718,0.702779522287883,0.511318864404691,0.653953549970867,0.0766609880749574,0.140930723380072,0.536379425843288,0.995281219694814,0.6528114480761,0.682813234130527
79024,446,0.681614349775785,10.2836251373463,1.16611762653223,0.74113917298632,0.688149066925935,0.501874583072624,0.610136725073316,0.134529147982063,0.471988603454933,0.675245896660072,0.972265861484978,0.852392816472737,0.465062644266746
79026,591,0.766497461928934,10.8037975186116,1.22205915868217,0.647213345465328,0.515389760189664,0.495196032019623,0.720087629868402,0.0473773265651438,0.13095148094014,0.520838613443586,0.987620167758773,0.630050204114374,0.419560503213118
79027,589,0.733446519524618,10.5393095409464,0.983747660049071,0.79792786277365,0.565708948772296,0.516183165785203,0.553905251140882,0.0797962648556876,0.239498132472561,0.562065069233291,0.99277179284823,0.653832863669722,0.51822133290043
79029,748,0.620320855614973,9.92170845244333,1.06602133922189,0.702384213900091,0.672416906318667,0.495609965897808,0.711655352105502,0.113636363636364,0.344484982915019,0.600449285290588,0.992881660083426,0.791042916967138,0.649868634990463
79031,763,0.650065530799476,10.37030215732,0.948907652449419,0.736557104228267,0.660564297137536,0.502121082174818,0.59822642065418,0.145478374836173,0.320384379204845,0.576761819913397,0.978013398027088,0.8303771623568,0.45089091896861
79032,760,0.465789473684211,9.91843412738221,1.35343059449999,0.963816207216228,0.956745491204017,0.509296880844936,0.851647399555804,0.222368421052632,0.560223686606219,0.675145598674094,0.972407097335153,0.833514975467566,1.26768222928873
79033,610,0.757377049180328,9.83252359150835,0.873383308512745,0.716586054843375,0.730991065150138,0.517253749516682,0.622099206056636,0.0573770491803279,0.217148356786691,0.555396321673847,0.984308242173994,0.666420766817852,0.880654530107637
79034,718,0.67966573816156,9.95730075653138,0.962855448887307,0.812317140968001,0.74345105563529,0.495546205396499,0.682560332671917,0.128133704735376,0.389051735910093,0.613664108748696,0.995374385693304,0.778553200039935,0.72890929674825
79054,535,0.82803738317757,9.56918544848529,0.939068972820498,0.724149839471674,0.616098343805592,0.511281676837732,0.581655534270216,0.0336448598130841,0.217584806070609,0.55393280912198,0.993316577785325,0.68475756405251,0.519769783869092
79055,495,0.838383838383838,10.1324081849497,1.03112158892586,0.734805834128088,0.650260636053627,0.499178521098774,0.52008324846621,0.0383838383838384,0.240204685291918,0.554581918153674,0.991267493693948,0.687931296528629,0.597607171611402
79056,518,0.837837837837838,9.76699340150311,0.87934264672761,0.780217298070647,0.755200399590459,0.50249788556964,0.561547600319062,0.0424710424710425,0.269498787156868,0.596267831395982,0.986687600497084,0.751174555197782,0.583598450478895
79057,452,0.86283185840708,9.99066038502921,0.890580085871155,0.752611262726777,0.643286636266843,0.516387052928521,0.523459754362223,0.0154867256637168,0.14509738678359,0.512760683552141,0.993654417344924,0.683642779744937,0.610011940823368
79058,547,0.824497257769653,9.9648326385793,1.0177468578081,0.685779954132917,0.602163844156551,0.49277792229338,0.617334265151047,0.0457038391224863,0.112427099521665,0.545441378263973,0.99340815856237,0.653641971217922,0.504219276864163
79059,606,0.754125412541254,9.93712709100026,0.944696160207492,0.727620198048976,0.726987607792632,0.490493797890054,0.514820802840129,0.0742574257425743,0.211368665551208,0.56275873611186,0.998437011637818,0.706848732904856,0.712203135110923
79060,739,0.711772665764547,9.78090538185171,0.867092783632192,0.728907474895878,0.661609427140611,0.508504350600839,0.567336460343961,0.0866035182679296,0.258319268139196,0.583541924218813,0.988688405180397,0.792665109230604,0.549538477673212
79061,515,0.81747572815534,10.0433210191703,0.917396425357858,0.667274139359182,0.699549434546344,0.531973622546531,0.556327691913141,0.0524271844660194,0.212740578691758,0.552671200990765,0.99801907700156,0.719725613131544,0.703450683504645
79062,606,0.795379537953795,10.2145812299574,0.926490259964733,0.734179527816539,0.680326117015319,0.503533165862964,0.462392994742074,0.0297029702970297,0.219478897901494,0.554240365312545,0.988927667784319,0.73160396440233,0.505034282695375
79063,681,0.707782672540382,10.1998327775915,0.909068305462733,0.615230952989268,0.602226579041857,0.491206829514823,0.630861868914335,0.139500734214391,0.192114530089624,0.547562642920093,0.997265870567332,0.665516287445631,0.579240079898218
79064,550,0.814545454545455,10.1601715484276,1.09031823467463,0.73262239382743,0.512147330115288,0.507415449994412,0.553651691258074,0.0363636363636364,0.112832551195995,0.524563269047799,0.991869119040198,0.548609718185175,0.420335171079429
79066,635,0.729133858267716,9.83171621763132,0.91905894033244,0.726352452517628,0.671381524740676,0.487529395365016,0.726310221997642,0.094488188976378,0.29262208556228,0.596885058996591,0.979201724903907,0.739098790095596,0.506093138325523
79067,393,0.852417302798982,10.5248807558085,1.1362041159492,0.68461547608701,0.636492141727947,0.51847280707021,0.48926355196225,0.0279898218829517,0.214118652792137,0.546339066555645,0.989985110920762,0.686582806480423,0.544238245063462
79068,573,0.771378708551483,10.0521329475921,1.08227087467065,0.683146903097839,0.647807509256958,0.517194151565638,0.643653695259311,0.0732984293193717,0.260084360285454,0.560577029981424,0.980284251351131,0.762990210355968,0.478581942699907
79069,503,0.831013916500994,10.4989056400709,0.908489232923274,0.686839522579175,0.690965305734499,0.519419317242158,0.668293233649313,0.0596421471172962,0.411315531993308,0.613577862949869,0.997108502949027,0.71177867977548,0.764291643893231
79070,596,0.770134228187919,10.0668512289864,1.01944624600241,0.723101037024528,0.697862192235515,0.508537783602294,0.726406281033564,0.0604026845637584,0.257339600891949,0.553384129431732,0.998913312904205,0.667331912028735,0.684197284205548
79071,571,0.798598949211909,10.3193430830832,0.954761053811123,0.755550122776242,0.619573180654862,0.526553011675867,0.624247733493024,0.0595446584938704,0.204212737502059,0.550183974956466,0.959967540037331,0.671469280672405,0.405842866451842
79073,515,0.838834951456311,10.2081321042192,0.884248750934623,0.664453778790966,0.682798657227496,0.542906385709659,0.5802740936149,0.0155339805825243,0.202985646322783,0.556033846088342,0.997478281844408,0.648379447576895,0.699824219526168
79074,491,0.814663951120163,9.98421843155923,1.00852376731448,0.845173428016217,0.769103468848101,0.50758246886451,0.666321198677236,0.0407331975560081,0.322630874579945,0.615325884193612,0.996864022888275,0.78813705917127,0.690323727319656
79075,497,0.843058350100604,10.037912886083,1.0282868283571,0.808462061236238,0.797473595575882,0.511926773889481,0.563667598752915,0.0221327967806841,0.404598607060502,0.627764701144413,0.978090860328043,0.727706609368574,0.631621113540706
79217,521,0.838771593090211,10.0243632189376,0.969625363208936,0.708490713503508,0.729230929445116,0.508706330177542,0.49254098449309,0.0268714011516315,0.262783275686699,0.593426535371831,0.994695552875805,0.700371163844515,0.687500246233539
79264,388,0.670103092783505,10.2711056676009,1.11396887019665,0.830001444387847,0.870267124362141,0.501069933617159,0.672816466575668,0.103092783505155,0.305978138663308,0.61862394518479,0.994458623708207,0.786897699299138,0.914305791914462
79319,588,0.761904761904762,10.2173845548717,1.05313520460812,0.681677878432879,0.597535326142583,0.500249462071119,0.664671092709505,0.0663265306122449,0.178803374234908,0.53687273021778,0.99040104236707,0.672530860417493,0.515965501410357
79415,261,0.655172413793103,10.3010595313828,1.11180823729976,0.873324091539719,0.797899174715506,0.495469907881333,0.424989666802934,0.172413793103448,0.326780268698093,0.590576189704344,0.965889159735517,0.874248589106467,0.595377203399553
79419,266,0.537593984962406,9.93551558242898,1.04786172235488,0.768157793776957,0.736374989484411,0.507956751966066,0.85776431489633,0.210526315789474,0.243077494889451,0.587096057040807,0.986611810247057,0.765683995657518,0.750964859082349
79547,470,0.659574468085106,9.95991324468062,1.0969167052806,0.814569976085665,0.808679484144065,0.50852944833842,0.669047031672021,0.108510638297872,0.477083560239765,0.652062779542869,0.990912138222859,0.888086154095214,0.681024237859946
79581,306,0.581699346405229,10.2115428180447,1.11897708596452,0.85127578841657,0.842121941297582,0.490205462940283,0.727738368365355,0.313725490196078,0.292416204033991,0.594399115475745,0.986775597739267,0.689128496629552,0.793826688754597
79586,271,0.494464944649447,10.1449599814883,1.20920712990131,0.918386488089646,0.809677476125257,0.503365637952138,0.695085049163335,0.225092250922509,0.349094348046188,0.618207384268989,0.983790367038351,1.02944154158465,0.683761452619383
79588,299,0.511705685618729,9.82287038927609,1.15670180281882,0.862160980263973,0.784529775425415,0.499593921492082,0.697919343619607,0.267558528428094,0.39833256367384,0.67700405648551,0.99266677015202,0.910342820101341,0.700383920881657
80181,264,0.522727272727273,10.2390517852614,0.988659554596835,0.813966730896465,0.640909857167431,0.484408476869063,0.472877834577569,0.166666666666667,0.354054121497255,0.625499702451101,0.981739035729948,0.751927118846506,0.577144197316261
80807,743,0.761776581426649,10.164079222541,0.993159314793116,0.730866854463368,0.707985926256473,0.492251948473006,0.610314865844596,0.098250336473755,0.270844082439275,0.558291437081168,0.997120364242728,0.71659057346666,0.683352306900253
81083,276,0.670289855072464,9.54466900287803,0.949282329432322,0.695219497507732,0.481487346029176,0.516302893812828,0.675898396300373,0.0760869565217391,0.178602991758217,0.572029680007452,0.97430537417256,0.599220836113992,0.432418556776282
81446,472,0.616525423728814,10.3737509975306,1.07828532585752,0.746318112211171,0.701114343812765,0.47613366367945,0.539789083731717,0.224576271186441,0.25695339019087,0.590925726269034,0.990867818881872,0.799894223836102,0.692373094259335
81470,488,0.655737704918033,9.86820672860682,0.908578658034335,0.849613452497999,0.832060692917019,0.51947095108989,0.684289300569579,0.172131147540984,0.382745183822378,0.61918056593685,0.99762279158717,0.838080272845316,0.829595867013807
83177,273,0.73992673992674,10.2221652114968,1.02757784428049,0.762047028262519,0.712151432707632,0.516767803709581,0.554834689192133,0.0952380952380952,0.211425566022975,0.582945536783393,0.985836004134344,0.891585606542528,0.717954696142707
83204,265,0.475471698113208,9.48965165783827,1.20459344628155,0.867738967532382,0.850405125317183,0.506640002536592,0.816890071516703,0.316981132075472,0.449099941783797,0.677232854760915,0.993413731014468,0.773746951863461,0.97488418556872
83205,272,0.459558823529412,9.48633111739393,1.02759518090548,0.741240175831021,0.725605658974703,0.517501859275073,0.739165119100289,0.183823529411765,0.278139681884381,0.583251986812578,0.988218584185094,0.760522739471438,0.778300681985282
83250,355,0.563380281690141,9.37462444516287,0.833213272698314,0.890347735688482,0.637902986874497,0.498489602532594,0.757088253352018,0.335211267605634,0.235994306129569,0.572596047352725,0.994221866579278,0.642277919683628,0.6557508941821
83632,301,0.651162790697674,9.57560054217767,0.945210121693659,0.963993910020998,0.737203173931257,0.511993382927734,0.700816496557913,0.262458471760797,0.196330545611657,0.542621028992022,0.986481834620651,0.832128567438532,0.614915862939261
84123,291,0.412371134020619,9.5150510032256,1.2923190756907,0.712653744644972,0.720963240550892,0.49129523685793,0.572011162985623,0.381443298969072,0.206641875109355,0.583154614343677,0.989039701228576,0.855647218329179,0.600877959846123
84132,258,0.434108527131783,9.8645942898238,1.07055920030333,0.726268265639013,0.635731191690627,0.488968092982804,0.568844153609799,0.410852713178295,0.251437772596557,0.573134514988979,0.972559566220241,0.760102602464038,0.42538011943616
84133,286,0.412587412587413,9.90954703016124,1.29402904778884,0.737967168849058,0.634366179815386,0.509608230138661,0.585899396895035,0.251748251748252,0.315422325037171,0.612937049616344,0.976560363483572,0.760723796291911,0.453072131413132
84137,471,0.409766454352442,9.37658600551252,1.00751373620038,0.774692950369663,0.681643161647895,0.496671471734243,0.521448199533028,0.403397027600849,0.296835795273942,0.587500446948655,0.991111739520777,0.654043967417787,0.667105802651133
84142,501,0.385229540918164,9.41842078304567,1.07449072373956,0.656776630408242,0.704816928274453,0.49175303036493,0.600532294661376,0.341317365269461,0.258572645829815,0.555715405605153,0.996626498996886,0.760793921360556,0.657599063168884
84143,302,0.506622516556291,9.90298552362387,1.16374796027897,0.732678440189906,0.741667837881859,0.495922063337327,0.624600736785561,0.334437086092715,0.312273427128544,0.617016750847008,0.989592620369822,0.820119784827725,0.672086306883302
84145,379,0.147757255936675,8.47113033639699,1.32563224836113,0.84443091442637,0.846834156930595,0.481675795701023,0.87561911137404,0.794195250659631,0.456268212088686,0.651085040578478,0.996737685875964,0.923435011058388,0.783582014810324
84572,337,0.382789317507418,9.75742553432877,1.28862548001195,1.00923031970325,1.00489477106483,0.519979720670095,0.750001980662972,0.454005934718101,0.649906775779015,0.763685349305679,0.967940881884596,1.09406546497684,0.989472081190043
84667,547,0.429616087751371,9.36469797354689,0.933641068163417,0.881754429706093,0.816834826305315,0.479932960640115,0.675646809054979,0.382084095063985,0.469831129638103,0.661419824722457,0.991896687125121,0.939615720864719,0.815465455177496
85685,297,0.569023569023569,10.2968939766911,1.20381920577986,0.863618401019882,0.891925610901986,0.507968878892718,0.866972662802303,0.30976430976431,0.510718704174468,0.695260226629244,0.99115793309861,0.979520441602555,0.68293269368264
85687,293,0.662116040955631,10.5328237206196,0.836647811541422,0.941305782838002,0.82813389953886,0.529106511969157,0.629107808474814,0.25938566552901,0.239750561823683,0.606433116401154,0.993157942769943,0.730836335096888,0.870377344029273
85691,356,0.533707865168539,9.84048068638887,0.835282295268917,0.773971004802199,0.699974720529319,0.488845684713011,0.629592452005378,0.202247191011236,0.365562217663432,0.60753589175916,0.986458963209504,0.67934711377038,0.802827583978263
85694,644,0.588509316770186,9.94178259175017,1.17207560514972,0.95299559053726,0.902556805886345,0.506212831571918,0.611985850557789,0.228260869565217,0.456880546969763,0.640114185151291,0.99448012744072,0.920777416892244,0.803683010828974
85698,266,0.62406015037594,9.87240431559462,0.891162697092431,0.809618569025133,0.641834091065377,0.505412799893645,0.655870390255336,0.206766917293233,0.24660879546274,0.56987775102379,0.989021848630767,0.715465323033525,0.509339650023691
85701,284,0.566901408450704,9.80515566942669,1.26896626364303,0.842823760937034,0.895377701533096,0.485123641852917,0.88866820266567,0.330985915492958,0.558131824128841,0.782975368932926,0.989593588145647,0.81176776674396,1.08468624682366
85714,263,0.680608365019011,9.94351073552416,0.939271347735234,0.698980020150205,0.57573310016383,0.524033243588289,0.570994991191904,0.152091254752852,0.308534574059636,0.588729614582058,0.982251950256812,0.584635991850502,0.668764877205694
85715,305,0.731147540983607,10.4361178040501,1.12312377908384,0.970128517977998,0.87505785566657,0.471248064712065,0.560676672427419,0.104918032786885,0.378118041174406,0.611204150783094,0.99585812762263,0.91896040493256,0.828035233850163
85716,365,0.684931506849315,9.96226210974573,0.819250591050353,0.870221965130262,0.81195520729848,0.508651616298473,0.567818118175691,0.153424657534247,0.24781688230776,0.584317074387139,0.988492317339758,0.651863345275355,0.871549118660726
85717,451,0.667405764966741,9.97043130691209,1.22043581782091,0.860106808749416,0.82778748511611,0.517773206538152,0.680185541074012,0.164079822616408,0.4617606508519,0.652573887472883,0.991489380860458,0.944763203553211,0.724012048899136
85720,485,0.676288659793814,9.84660005696107,1.06968180996781,0.846975025445075,0.810284094160976,0.510260222560519,0.639928871628409,0.129896907216495,0.374904767723401,0.611708574908601,0.98769881198175,0.702074704887926,0.703361760160303
85726,352,0.625,10.4143267753659,1.03488339477546,0.72497508562099,0.823844646716115,0.500671118816226,0.57712134816596,0.215909090909091,0.282877042519064,0.595572555756655,0.996699801516055,0.785826000558633,0.851714889804477
85727,342,0.543859649122807,9.91398498167103,0.897590189747575,0.770915968812094,0.724051525718403,0.511416899698151,0.582746768299352,0.362573099415205,0.362412855164578,0.644303484799349,0.992575849820875,0.816346321566104,0.6604063976775
85730,256,0.6953125,9.99656946150817,0.840622040657913,0.792870222200975,0.720533840429767,0.512355337481741,0.609167571335078,0.12890625,0.232171196199552,0.5935922693522,0.990243400955061,0.820257264455707,0.57781513268255
86556,361,0.46814404432133,9.94197662124919,0.951752041591125,0.961970061469749,1.01431365879853,0.507206676344752,0.789715989809383,0.207756232686981,0.548175483447276,0.698887325435783,0.980437451453158,0.894332457241164,1.08220882622448
86559,297,0.602693602693603,9.51876591053899,0.91982798443667,0.711015607202867,0.753391635711853,0.498179810459341,0.746735560681113,0.0976430976430976,0.34892255596132,0.645317408910779,0.974882733618272,0.950158034189842,0.528653796955776
92246,494,0.552631578947368,8.12393606146179,1.96477937270056,0.557975018899816,0.592614313558709,0.497794902776141,0.650316976628696,0.0910931174089069,0.35805425996787,0.604968897835526,0.972423554878883,0.650512238312085,0.355491595117767
96210,420,0.735714285714286,10.2052738644346,0.883109041742143,0.636853631071479,0.575660173392529,0.513688090104186,0.440662081026083,0.0857142857142857,0.0699130376969175,0.51746841306326,0.983348228334797,0.656899480214028,0.556969241142141
96211,469,0.816631130063966,10.5690117461844,1.28643106116953,0.688609709114006,0.601262657680874,0.508234868151173,0.739069650575853,0.0277185501066098,0.0731546070107038,0.518573872236261,0.990637939634899,0.607680496192768,0.6861537870344
96212,516,0.794573643410853,10.3232817833829,0.995637123961674,0.653971285684285,0.606516470527872,0.513798029202926,0.678713001044056,0.0445736434108527,0.107180292515108,0.532521697660896,0.993199968394884,0.721493128997537,0.530705936622379
96213,583,0.778730703259005,10.5080881658699,1.08947491153832,0.700289063880723,0.711929113323998,0.503645327053163,0.685280051767833,0.072041166380789,0.336676915525059,0.570884120455906,0.976812569234454,0.939479611961027,0.557134384984734
96214,527,0.815939278937381,10.2023218503221,1.05597096322262,0.689735189805081,0.574651403822703,0.490185539977604,0.456925024031422,0.0512333965844402,0.129581578219595,0.53577620914868,0.992604788079025,0.621008301987084,0.514784914291017
96215,430,0.888372093023256,9.57736012654765,0.852297529626187,0.736419662738066,0.670811512285463,0.476834169492071,0.530146647849636,0.0232558139534884,0.162170460246842,0.529022795700817,0.996346219121435,0.693589895664658,0.626456700993999
96216,635,0.738582677165354,10.2268917707981,1.01810096692558,0.678175592694324,0.649941593440834,0.505259537474797,0.593016903206833,0.0913385826771654,0.108458528072631,0.50775012702015,0.993819798277687,0.743484013154918,0.583224565667832
96217,505,0.841584158415842,10.2292191492415,1.15684989975282,0.637721480994556,0.566990946938973,0.512825627086034,0.532549055027484,0.0336633663366337,0.16792691256987,0.545217404820412,0.992501331733127,0.631350466231065,0.52054997254533
96218,545,0.81651376146789,10.3109907484756,1.11128407188348,0.663531664272937,0.629187201914326,0.474257070069544,0.656548376203227,0.0293577981651376,0.135842042783379,0.540612962637708,0.992952519829123,0.614024732784292,0.581511743419451
96219,579,0.761658031088083,10.1438637022451,0.932890619833644,0.755796806337348,0.579511907638836,0.492723094237322,0.623360887381823,0.07426597582038,0.154539687607446,0.538709348843612,0.986019515513961,0.669643565882328,0.432171285138281
96220,444,0.880630630630631,10.4166596805275,0.949097913846149,0.643359920703885,0.588375294780625,0.497416117219481,0.5069290180034,0.0112612612612613,0.0174146515510387,0.505681147850365,0.985670453464524,0.675382987289192,0.467726068207402
96221,517,0.794970986460348,10.9197816794666,1.06323363676691,0.708918169206206,0.615695977663648,0.500264696124413,0.642907698209473,0.0328820116054159,0.207968442651081,0.559036653051101,0.990465797781984,0.694237325597704,0.496085593484262
96222,461,0.802603036876356,10.4723724885053,0.972603418862286,0.552957601841559,0.469318895868259,0.530925539148315,0.590059561956031,0.0845986984815618,0.0770237089014059,0.532709520120057,0.977486287984491,0.595254896490493,0.317946421988766
96223,621,0.711755233494364,10.7059588253889,1.21476208928897,0.706544987932391,0.725543837009163,0.490929153160917,0.67708258955311,0.0805152979066023,0.101927547707595,0.526619635334449,0.996825446810513,0.619138778187776,0.75539796788667
96224,660,0.763636363636364,9.86359767734409,1.07976387315322,0.718815432485802,0.621243046486627,0.513087116098343,0.583087589918245,0.053030303030303,0.127165514197646,0.557939057721084,0.983748561506418,0.682195815309464,0.457992474456274
96225,608,0.782894736842105,9.77824683864558,1.01440336871683,0.668500350695927,0.642612534908779,0.512870155370603,0.561558043456108,0.0279605263157895,0.173296726385943,0.547127909141274,0.992780815913003,0.683457965415663,0.525749524434415
96226,625,0.7152,10.2071943485721,1.10656952486563,0.73634411927107,0.861600840847194,0.524506451007479,0.622968620313874,0.1104,0.512519091403674,0.64642934290493,0.986901200339143,1.06975148277251,0.705227538916147
96227,673,0.704309063893016,9.91820290106411,1.09215095138163,0.737585318554855,0.792383604581105,0.508293385437407,0.641185912745728,0.12481426448737,0.432836784381021,0.630713088654507,0.977724310497611,0.887455866095994,0.520581362587418
96228,420,0.907142857142857,9.76815319766439,0.905636058385879,0.654087262713266,0.567446621938832,0.515477603424311,0.52126427546418,0.00714285714285714,0.107748048894154,0.511676974016441,0.989817831136207,0.546891061451467,0.535327666446015
96229,439,0.895216400911162,10.6373991983409,0.986835677326005,0.610207555462341,0.573593605902792,0.495897193334663,0.469422865448498,0.020501138952164,0.103743007912754,0.538766420201861,0.987032808077842,0.650102936918616,0.481472077873213
96230,570,0.784210526315789,10.1610105371204,0.849042856358544,0.792126979524144,0.674192732154016,0.50604747805074,0.61845470533614,0.056140350877193,0.260596720391354,0.555799902941107,0.981229781846982,0.816586846363089,0.485148190348684
96231,646,0.747678018575851,10.3142889815196,1.07492904847211,0.665999172431088,0.59174312464045,0.48331337294932,0.633767670420367,0.0835913312693498,-0.00781156826003013,0.501551973665045,0.99336533708783,0.632217826218748,0.504992535060221
96232,514,0.824902723735409,10.5314536079228,0.928190469736978,0.699672873131252,0.5224806700804,0.490975721226221,0.562110100715359,0.0311284046692607,0.0155155744772832,0.515052160401211,0.991214397229902,0.616183075451004,0.483125274167618
96235,687,0.556040756914119,10.1883597871889,0.962310533032965,0.788226751192401,0.686093732001908,0.506238457808027,0.570767531440764,0.167394468704512,0.224115015715247,0.547461543135731,0.982733430092303,0.713794043573565,0.473607962844339
96236,387,0.710594315245478,10.7783074271529,0.944672388940253,0.70353658184653,0.529938831370481,0.499702551236758,0.468799901411208,0.0697674418604651,0.194636128752463,0.587732138742081,0.977117023291318,0.655405149354503,0.450810819703318
96237,408,0.678921568627451,10.1639764049795,1.00935486289335,0.623244243936754,0.633809420044363,0.506278809697524,0.666357569065567,0.0784313725490196,0.24284959877441,0.570686946007641,0.987182026984561,0.683164341064096,0.603431118126831
96239,383,0.738903394255875,10.5215865839832,1.10669544452161,0.671490873049609,0.578816036472722,0.486731725590958,0.675651352994147,0.0391644908616188,0.0311332270587047,0.520101226514982,0.994348396781873,0.627255175588816,0.595675191672049
96241,510,0.645098039215686,10.8069279837233,1.19633110188819,0.684248904355441,0.621990901758282,0.494875610460814,0.552684734067757,0.113725490196078,0.124770535781313,0.524362966971658,0.983320134205663,0.594889266127804,0.764822036336667
96242,551,0.604355716878403,10.4982253016114,1.13835680715481,0.676852369723275,0.606637235073562,0.497427568479076,0.621426546622266,0.168784029038113,0.0526051609636302,0.51367193107149,0.997285958287568,0.665604572617654,0.609632485549693
96243,659,0.569044006069803,9.9661609134566,0.936243707878205,0.702456335175541,0.618690575213941,0.517862006320034,0.605045965393199,0.139605462822458,0.228205412035239,0.558362819475732,0.987393435492825,0.731788004336595,0.458096690116961
96244,818,0.502444987775061,10.0479315414008,1.18713500075178,0.729487903574592,0.702836638034351,0.499560255693918,0.670000635692592,0.198044009779951,0.351008192298363,0.593479698941686,0.973588632794255,0.91500005207978,0.474727596124943
96245,604,0.589403973509934,10.3162840663349,1.01151719750621,0.798245506721193,0.654173273772026,0.49862377279478,0.669897877621969,0.211920529801325,0.122654218319975,0.532040395356184,0.995336109472568,0.610513000725445,0.756536174208863
96246,418,0.715311004784689,10.6746927032888,1.01467985203797,0.761138418052241,0.759195918890721,0.506565516009495,0.728641301086526,0.107655502392345,0.124002905873969,0.534052403051449,0.992832335651498,0.830411581279181,0.818916364033894
96247,386,0.759067357512953,10.4914066599616,1.11776773572728,0.635219507041645,0.568777400298888,0.501391399282303,0.668466528988207,0.0362694300518135,0.227048297760271,0.556304638683982,0.978931933886853,0.67963941143352,0.428471489390668
96248,364,0.763736263736264,10.5586949395459,1.06732015733663,0.593586674861595,0.549721329246841,0.492501030048314,0.631859498885822,0.0412087912087912,0.0733223371665629,0.505780478643239,0.993852791350278,0.495742651862812,0.496381075848668
96249,432,0.701388888888889,10.3948290489322,1.07819306092896,0.647476707402003,0.58512958869073,0.498733088080554,0.530076184765316,0.099537037037037,0.179311687161201,0.555592318297475,0.995035005989523,0.677709468507991,0.567525127538374
96250,493,0.675456389452333,10.0019766769184,0.939235187881046,0.642957942760486,0.594519838608714,0.494767961488183,0.613166559992054,0.148073022312373,0.103543358481075,0.530444651032707,0.987212017980231,0.670142552103347,0.431112661911934
96252,372,0.758064516129032,10.3195059328669,0.946486819340089,0.634875455253762,0.600267409134226,0.489623889892353,0.502298267491568,0.0403225806451613,0.0997978507740145,0.549284043972979,0.995066828224489,0.620564340825759,0.625034767921429
96253,608,0.592105263157895,10.1525367733757,1.16166014313187,0.76473528450088,0.664313379183877,0.499226217668436,0.628408727657481,0.154605263157895,0.274564839692356,0.578555747451911,0.992536356092926,0.732303347927494,0.688104626456674
96254,490,0.66734693877551,10.7449923479157,0.875124192436596,0.599065058792666,0.631456411265599,0.514228463569692,0.520389151317436,0.179591836734694,0.157165470012427,0.537766335697847,0.996337470249605,0.59636501816739,0.700043986672023
96255,384,0.723958333333333,11.0286511761041,1.0425289953139,0.735777970137508,0.707644140101853,0.504015908621418,0.472407091896534,0.0651041666666667,0.140509446894425,0.547972384160058,0.994326549900328,0.722691152815191,0.701795458474324
96256,398,0.751256281407035,11.0174409186181,1.0349253282339,0.694094685645638,0.711787869266901,0.503258504583166,0.453259094973449,0.0678391959798995,0.239401101918954,0.572190273817364,0.995551652740345,0.640085270875027,0.704428304453136
96257,506,0.660079051383399,10.023112309357,1.0533502951088,0.771033353987072,0.690092045916301,0.485373788665877,0.565835902037853,0.110671936758893,0.160990039231236,0.556401861019147,0.995433733796178,0.767243910874959,0.734983589597826
96258,564,0.634751773049645,10.3469970873272,1.02394141550478,0.678273469564374,0.579897248801541,0.500631572771833,0.572241385277493,0.115248226950355,0.0281970061154745,0.500544617869099,0.991675699545583,0.641276611717087,0.473374583118904
96259,388,0.747422680412371,10.3858046147057,1.10212535624619,0.703641608922912,0.620574981792709,0.509404757988251,0.465268267960823,0.077319587628866,0.197530945879381,0.562096112340736,0.994184578129034,0.677463830734204,0.551282910741026
96260,531,0.623352165725047,10.2185600284885,0.965961738663038,0.647981503187393,0.613780843069486,0.488674034230539,0.600062537194421,0.16195856873823,0.0654194719286869,0.510201194051465,0.987041270767767,0.681922574609579,0.751817862407034
96262,492,0.664634146341463,9.94649255458413,1.02384157376086,0.696971713606449,0.510614952219016,0.499960483529478,0.609706204050568,0.0772357723577236,0.113481176727798,0.542072711938747,0.989946643421557,0.560505364339902,0.437929697401683
96263,642,0.568535825545171,9.81450845289471,1.14287063551842,0.687512915045969,0.584722130609463,0.502755271228853,0.590402211977571,0.161993769470405,0.077982248577769,0.513264439897219,0.995093613396818,0.594268779286853,0.546682089076686
96264,454,0.68942731277533,10.4608984750666,1.19865049131485,0.722627879685744,0.575500665070222,0.494181259472656,0.608971265011217,0.0837004405286344,0.131123355106789,0.536011074249989,0.992649529789285,0.646802583694065,0.468000949441777
96265,651,0.526881720430108,10.3812409217291,1.1178004103067,0.715221062627804,0.536292447668304,0.522801161013522,0.648241093338584,0.221198156682028,0.111221569398582,0.530164427639834,0.964801096527699,0.714378594288727,0.33300736867767
96266,553,0.669077757685353,10.3466969666671,0.898741111570437,0.665750827666308,0.702804865534133,0.50855652593476,0.454336811330013,0.104882459312839,0.221487568317336,0.5470869383298,0.995447346231942,0.668762433644942,0.707456884122433
96267,428,0.679906542056075,10.2486252637938,1.04698206516904,0.654695019841436,0.726354830308113,0.488753272138514,0.690046450721732,0.0724299065420561,0.107162990926306,0.534337381190716,0.993718356090866,0.609303385329729,0.74480463701178
96268,332,0.716867469879518,10.5214261995037,0.990290708672497,0.649378941577176,0.642283420998683,0.493429478547419,0.475567606536935,0.072289156626506,0.265740234294179,0.562803877097131,0.985357142716741,0.67438928557751,0.503927019000687
96269,396,0.727272727272727,10.9630411489492,1.23724615200897,0.672491073120892,0.574824999734669,0.501737137078188,0.589767013027455,0.0555555555555556,0.0592364522285246,0.548058129397739,0.968327433029,0.611794832408925,0.395639872011735
96270,451,0.713968957871397,10.6949976545554,0.950755988567801,0.687394526460999,0.483602793526516,0.486065546334288,0.53262364120609,0.0798226164079823,0.0288522766754329,0.502578309260681,0.992360749123899,0.587943929881273,0.432218979734465
96271,577,0.5736568457539,9.98238167977833,1.09449629611122,0.72301038480885,0.801721388942418,0.517798180794246,0.751002196257619,0.114384748700173,0.377677157646643,0.616323150695338,0.990633784230284,0.818264652253374,0.644503376147859
96273,550,0.638181818181818,10.5565015456298,0.865197479561357,0.699097656194295,0.564306369232446,0.519120260435678,0.520412493913773,0.110909090909091,0.142718373276466,0.527149181734598,0.979619916738295,0.625261663029069,0.364172494409367
96274,732,0.472677595628415,9.94036962702934,1.34399713434318,0.720427780592942,0.763493571867396,0.505645968124007,0.662929377694652,0.204918032786885,0.471392680274921,0.608540846081293,0.982532393601088,0.968024277667017,0.563969126133966
96275,423,0.716312056737589,9.92229449817288,0.866910440182448,0.752576657179695,0.605193809887678,0.493451773070184,0.61487243240314,0.0614657210401891,0.181506637449657,0.548732434364401,0.984836613407586,0.686016512219351,0.421223937831805
96276,477,0.660377358490566,10.1757307306535,0.961087624662359,0.741614170105601,0.851899070876719,0.498656219710456,0.671803247567786,0.0985324947589098,0.262844023155516,0.580576006485822,0.993109933448996,0.692148049330278,0.855687602582202
96277,535,0.82803738317757,9.56918544848529,0.939068972820498,0.698716925647317,0.584908287353827,0.49298701741151,0.543028916261927,0.0336448598130841,0.0999406511484271,0.502468912073583,0.984355641713315,0.705491647107599,0.434278759566912
96278,495,0.838383838383838,10.1324081849497,1.03112158892586,0.73104546307064,0.603867337921733,0.491318717890156,0.567565703822402,0.0383838383838384,0.199525502761041,0.563567852414081,0.977305200548518,0.66740836151427,0.387673160086966
96279,518,0.837837837837838,9.76699340150311,0.87934264672761,0.775989329023399,0.604675779778626,0.506786991737618,0.517850644958059,0.0424710424710425,0.131127397080523,0.532196533183099,0.991096725384035,0.672991095683313,0.473884508765411
96280,452,0.86283185840708,9.99066038502921,0.890580085871155,0.633388616041575,0.588667856530209,0.495331704436292,0.499934634515932,0.0154867256637168,0.0427693963173552,0.513886645979928,0.992667030732896,0.527867599879371,0.578536877715843
96281,547,0.824497257769653,9.9648326385793,1.0177468578081,0.655976584850802,0.59062442543843,0.488613436657874,0.614574017085157,0.0457038391224863,0.0919606668665582,0.508116372020574,0.993829592471841,0.566779534757528,0.523016294557263
96282,606,0.754125412541254,9.93712709100026,0.944696160207492,0.629600880996699,0.529936252603325,0.516492025810055,0.577980812004786,0.0742574257425743,0.169320991416747,0.563856235210794,0.988815582424918,0.635857243822744,0.465745537901855
96283,739,0.711772665764547,9.78090538185171,0.867092783632192,0.766116775646956,0.670863625219155,0.494841445277071,0.591568831230292,0.0866035182679296,0.190261325640403,0.533297640395992,0.987903899913061,0.790194825521055,0.665593823334116
96284,515,0.81747572815534,10.0433210191703,0.917396425357858,0.761142182344168,0.654755765356921,0.492498928772303,0.578923977265859,0.0524271844660194,0.17776223953301,0.543397906995083,0.977746878794408,0.660320330495912,0.529743563790134
96285,606,0.795379537953795,10.2145812299574,0.926490259964733,0.731117560880752,0.666369179444914,0.513680502348215,0.407316771961633,0.0297029702970297,0.165099042585154,0.559563488975698,0.98158091285548,0.689810766812618,0.496798041629053
96286,681,0.707782672540382,10.1998327775915,0.909068305462733,0.657177510007848,0.58982729572062,0.499022863891697,0.557244179597264,0.139500734214391,0.0897505477311828,0.520165627346634,0.997144427967874,0.640334126346949,0.587577142256187
96287,550,0.814545454545455,10.1601715484276,1.09031823467463,0.72661329365968,0.56166451274832,0.516561020363003,0.508471107196503,0.0363636363636364,-0.020108348867529,0.529571508270007,0.993976827349648,0.500328602532082,0.58943225993818
96288,635,0.729133858267716,9.83171621763132,0.91905894033244,0.682361212727416,0.675996058036702,0.505765315352235,0.816672932035692,0.094488188976378,0.145452139269032,0.547285681976718,0.993782530666783,0.649109199044162,0.684268995484919
96289,393,0.852417302798982,10.5248807558085,1.1362041159492,0.692550670317721,0.677773675521085,0.519342428017323,0.457353296271616,0.0279898218829517,0.12943063210857,0.541135465513191,0.993294079140113,0.689366207542994,0.606922450715462
96290,573,0.771378708551483,10.0521329475921,1.08227087467065,0.604769865684416,0.693444171906394,0.507148583491032,0.744766409358701,0.0732984293193717,0.218252734857757,0.552923524143288,0.988210813199978,0.775511739165576,0.557527948375926
96291,503,0.831013916500994,10.4989056400709,0.908489232923274,0.781739681330691,0.613215325985643,0.495372140632443,0.691236619644211,0.0596421471172962,0.239510415598296,0.558500311235289,0.983910613338704,0.655639327893836,0.744975574759906
96292,596,0.770134228187919,10.0668512289864,1.01944624600241,0.752087926696713,0.545168206416278,0.504880088852481,0.61974024703834,0.0604026845637584,0.129721286086848,0.532775169755764,0.984630867940719,0.660982934468688,0.412401115832755
96293,571,0.798598949211909,10.3193430830832,0.954761053811123,0.77548223730829,0.566071045176983,0.510692222065589,0.500617594032098,0.0595446584938704,0.133204848565593,0.534095253648364,0.984960234188518,0.684132438116381,0.414500815555728
96294,515,0.838834951456311,10.2081321042192,0.884248750934623,0.622031338086456,0.567791432466683,0.495497577518446,0.548819638891097,0.0155339805825243,0.0596860149239904,0.494180123222526,0.987421599684052,0.61864395052089,0.511180578699289
96295,491,0.814663951120163,9.98421843155923,1.00852376731448,0.767014376031893,0.719280888111046,0.504735483962708,0.602415462721537,0.0407331975560081,0.220363926307093,0.566810356442935,0.991950389999556,0.720862275490955,0.818554506060739
96296,497,0.843058350100604,10.037912886083,1.0282868283571,0.747415616185982,0.634980953267086,0.518650096677377,0.555440866680224,0.0221327967806841,0.243188768630575,0.539926869451605,0.998433210582619,0.659645346571079,0.64408275525455
96297,521,0.838771593090211,10.0243632189376,0.969625363208936,0.743401314964887,0.733405521160893,0.491014615639809,0.565568756420654,0.0268714011516315,0.191927849778399,0.558439479469915,0.997884244132672,0.732730611940914,0.670751613418962
96298,325,0.630769230769231,10.3203467920869,1.13379697595186,0.846459970218826,0.81013702166009,0.499724207077529,0.65819850186234,0.116923076923077,0.274447746669772,0.577283958777645,0.994375247657764,0.845395425476418,0.821932822859248
96299,282,0.620567375886525,10.2113788798571,1.13905734954689,0.800483781819774,0.762397300188153,0.503646426855817,0.635301421905424,0.102836879432624,0.371538067676796,0.608491961168773,0.943357813245911,1.07777924460843,0.525188222295054
