"scheme","bytes","table_R2","start_of_new_skill","whole_session"
"none",0,NA,"0.699 [0.689, 0.709]","0.551 [0.545, 0.557]"
"constant",4,0,"0.602 [0.596, 0.608]","0.498 [0.494, 0.501]"
"blockmean",21,0.403,"0.593 [0.587, 0.598]","0.493 [0.489, 0.497]"
"fractal_rec",56,0.069,"0.600 [0.594, 0.606]","0.497 [0.493, 0.500]"
"lowrank1",56,0.492,"0.591 [0.585, 0.597]","0.492 [0.488, 0.496]"
"lowrank2",104,0.701,"0.585 [0.580, 0.591]","0.489 [0.485, 0.493]"
"prng",126,0.524,"0.589 [0.583, 0.595]","0.491 [0.487, 0.495]"
"quant1",149,-0.046,"0.574 [0.569, 0.579]","0.483 [0.480, 0.487]"
"lowrank3",152,0.778,"0.583 [0.577, 0.588]","0.488 [0.484, 0.491]"
"lowrank5",248,0.855,"0.580 [0.574, 0.585]","0.486 [0.483, 0.490]"
"quant2",290,0.696,"0.579 [0.574, 0.585]","0.486 [0.482, 0.489]"
"lowrank10",488,0.948,"0.577 [0.572, 0.583]","0.485 [0.481, 0.488]"
"prng_equal_bytes",504,0.48,"0.587 [0.581, 0.593]","0.490 [0.486, 0.494]"
"fractal",546,0.611,"0.587 [0.581, 0.593]","0.490 [0.486, 0.494]"
"quant4",572,0.98,"0.578 [0.572, 0.583]","0.485 [0.481, 0.488]"
"quant8",1136,1,"0.578 [0.572, 0.583]","0.485 [0.482, 0.489]"
"full",4512,1,"0.578 [0.572, 0.583]","0.485 [0.482, 0.489]"
