Regime,Seed,Time_on_Task_Pct,ZPD_Residence_Pct,Mastery_Gain_Score,Cognitive_Stress_Index,Off_Task_Drift_Pct,Median_Latency_ms
Saturn_Unconstrained,42,11.54,5.87,4.28,328.08,88.46,0.06
Saturn_Unconstrained,137,12.1,6.18,4.49,325.89,87.9,0.06
Saturn_Unconstrained,369,11.8,6.35,4.51,327.09,88.2,0.06
Saturn_Unconstrained,1024,11.68,6.2,4.43,327.6,88.33,0.06
Saturn_Unconstrained,2026,11.28,5.61,4.13,328.89,88.72,0.06
Factory_Lockstep,42,74.09,18.49,32.6,435.24,25.91,0.03
Factory_Lockstep,137,74.17,18.48,32.63,433.67,25.82,0.03
Factory_Lockstep,369,74.1,18.19,32.6,437.85,25.9,0.03
Factory_Lockstep,1024,74.28,18.75,32.67,439.49,25.72,0.03
Factory_Lockstep,2026,74.36,18.44,32.7,442.97,25.64,0.03
Cloud_LLM_Tutor,42,88.17,81.55,73.42,9.52,11.82,311.57
Cloud_LLM_Tutor,137,89.26,83.0,74.55,8.77,10.74,312.4
Cloud_LLM_Tutor,369,89.25,83.07,74.58,8.93,10.75,312.66
Cloud_LLM_Tutor,1024,89.32,82.76,74.45,8.92,10.68,311.42
Cloud_LLM_Tutor,2026,88.78,82.28,74.01,9.37,11.22,311.96
PFP_Werredu,42,94.22,89.04,92.97,1.29,5.78,3.46
PFP_Werredu,137,94.14,89.29,93.04,1.29,5.86,3.35
PFP_Werredu,369,94.42,89.21,93.16,1.29,5.58,3.65
PFP_Werredu,1024,94.06,89.4,93.05,1.3,5.94,3.36
PFP_Werredu,2026,94.12,89.24,93.0,1.29,5.88,3.57
