"controller","unknown","known"
"Fractal-seeded controller",0.913854179107342,0.650993372899207
"Stored-weight twin",0.922485095818622,0.657141028704437
"Adaptive test (standard prior)",0.854064829434305,0.648697098734174
"Adaptive test (prior matched to data)",0.808230441597627,0.680825702608398
"Adaptive test, forgetting",0.863080239333408,0.646751024212296
"Fixed staircase, step 0.15",0.95772757569419,0.66714074678689
"Fixed staircase, step 0.30",0.840936211311702,0.623998256287077
"Fixed staircase, step 0.50",0.812164101251016,0.665705192262896
"PEST-type staircase",0.847072150406757,0.658579261309538
"Original PFP-Core",1.00161541780285,0.734650961396529
