"rule","alpha","metric","plain","mandelbrot","diff","ci_low","ci_high","d_z"
"volkan",0.5,"zpd",0.278100001,0.253166653,-0.024933348,-0.030017103825,-0.0200729277,-0.314790138828316
"volkan",0.5,"zpd_40_60",0.2961,0.289408337,-0.006691663,-0.011834174925,-0.001640848125,-0.0784766071499467
"volkan",0.5,"zpd_60_80",0.239900004,0.20494167,-0.034958334,-0.03948354655,-0.030799589325,-0.488402769283369
"volkan",0.5,"zpd_40_70",0.427675005,0.405550014,-0.022124991,-0.0279839696,-0.015898938625,-0.226406301815785
"volkan",0.5,"bored",0.061358325,0.043050005,-0.01830832,-0.020908315225,-0.015708327725,-0.443420085761712
"volkan",0.5,"frustr",0.222841668,0.279583344,0.056741676,0.0530498085,0.060366885175,0.96780849769002
"volkan",0.5,"mean_p",0.495548754,0.455927569,-0.039621185,-0.040201233775,-0.039036437575,-4.28120443247349
"volkan",0.5,"gain",-0.0222,-0.21136,-0.18916,-0.195801,-0.182558,-1.79348791945644
"volkan",0.5,"track",0.892155971,0.907521756,0.015365785,0.005672627325,0.025037545975,0.0997266183104003
"volkan",1,"zpd",0.278100001,0.22525833,-0.052841671,-0.061642282325,-0.044016689475,-0.378663945132092
"volkan",1,"zpd_40_60",0.2961,0.272658331,-0.023441669,-0.033050210875,-0.01412436835,-0.152480509391983
"volkan",1,"zpd_60_80",0.239900004,0.170174994,-0.06972501,-0.077342101525,-0.061357721,-0.561353620917001
"volkan",1,"zpd_40_70",0.427675005,0.372441649,-0.055233356,-0.06594441315,-0.0445979391,-0.309625197636547
"volkan",1,"bored",0.061358325,0.030241661,-0.031116664,-0.035858746625,-0.02717479445,-0.437402921547149
"volkan",1,"frustr",0.222841668,0.342025008,0.11918334,0.11244124495,0.12579271785,1.12052948845369
"volkan",1,"mean_p",0.495548754,0.417477721,-0.078071033,-0.079160470725,-0.07695810545,-4.39935524338149
"volkan",1,"gain",-0.0222,-0.39852,-0.37632,-0.385402,-0.367158,-2.57440657911816
"volkan",1,"track",0.892155971,0.950961531,0.05880556,0.04058646335,0.0775895479,0.197565005940414
"volkan",1.5,"zpd",0.278100001,0.194824999,-0.083275002,-0.094585616975,-0.0711470755,-0.443800336149847
"volkan",1.5,"zpd_40_60",0.2961,0.249841681,-0.046258319,-0.059584983425,-0.03293977455,-0.220990458360028
"volkan",1.5,"zpd_60_80",0.239900004,0.137458327,-0.102441677,-0.112141891625,-0.0917056348,-0.618962523979254
"volkan",1.5,"zpd_40_70",0.427675005,0.333825008,-0.093849997,-0.109158759025,-0.07779122405,-0.378442940254244
"volkan",1.5,"bored",0.061358325,0.020749998,-0.040608327,-0.047317075725,-0.034432076,-0.416276975765801
"volkan",1.5,"frustr",0.222841668,0.407950006,0.185108338,0.175758117975,0.19421999555,1.23868020511311
"volkan",1.5,"mean_p",0.495548754,0.380394671,-0.115154083,-0.1167845684,-0.1135202843,-4.32807762374141
"volkan",1.5,"gain",-0.0222,-0.58032,-0.55812,-0.569681,-0.546958,-2.94448050500934
"volkan",1.5,"track",0.892155971,1.018718787,0.126562816,0.099750902925,0.1531847015,0.294568293039931
"difficulty",0.5,"zpd",0.373941653,0.348750003,-0.02519165,-0.029041653275,-0.0210743485,-0.402027701334936
"difficulty",0.5,"zpd_40_60",0.365666659,0.37240834,0.006741681,0.0028581571,0.010766896975,0.101649203425776
"difficulty",0.5,"zpd_60_80",0.312708316,0.271066653,-0.041641663,-0.044751029725,-0.038315829825,-0.783756050011207
"difficulty",0.5,"zpd_40_70",0.54559166,0.532750004,-0.012841656,-0.01730017325,-0.00814145,-0.179187951743831
"difficulty",0.5,"bored",0.031974992,0.023108328,-0.008866664,-0.010641661075,-0.00730812575,-0.327820151420707
"difficulty",0.5,"frustr",0.115799999,0.15269999,0.036899991,0.034099566625,0.0395752183,0.820845799898523
"difficulty",0.5,"mean_p",0.534873148,0.505334388,-0.02953876,-0.029895516225,-0.02917913325,-5.07537864789332
"difficulty",0.5,"gain",0.515587591,0.515881339,0.000293748,-0.00152493425,0.002121995725,0.00981541180916244
"difficulty",0.5,"track",0.687339446,0.680097538,-0.007241908,-0.012816234925,-0.0018597489,-0.0796147502608817
"difficulty",1,"zpd",0.373941653,0.317599994,-0.056341659,-0.063033316525,-0.04949978085,-0.518212605786202
"difficulty",1,"zpd_40_60",0.365666659,0.365908341,0.000241682,-0.0069345795,0.008050229,0.00200530614707727
"difficulty",1,"zpd_60_80",0.312708316,0.231241669,-0.081466647,-0.08695873355,-0.0760826841,-0.924903685306175
"difficulty",1,"zpd_40_70",0.54559166,0.506375006,-0.039216654,-0.047524992125,-0.0313828998,-0.299991226941728
"difficulty",1,"bored",0.031974992,0.015791666,-0.016183326,-0.01921665225,-0.0133666598,-0.335505543092229
"difficulty",1,"frustr",0.115799999,0.195966671,0.080166672,0.0753577237,0.084742288675,1.00219359089921
"difficulty",1,"mean_p",0.534873148,0.475497665,-0.059375483,-0.05990237395,-0.058838986975,-6.99942669650252
"difficulty",1,"gain",0.515587591,0.514869344,-0.000718247,-0.00355249865,0.0020709882,-0.0162311373750088
"difficulty",1,"track",0.687339446,0.691547561,0.004208115,-0.0074292522,0.01483520285,0.0236005546674462
"difficulty",1.5,"zpd",0.373941653,0.285999994,-0.087941659,-0.0962358142,-0.079014999125,-0.598074468685619
"difficulty",1.5,"zpd_40_60",0.365666659,0.351874996,-0.013791663,-0.0240758218,-0.00348976927500001,-0.0822137134669887
"difficulty",1.5,"zpd_60_80",0.312708316,0.193649981,-0.119058335,-0.126275203225,-0.111841256025,-1.02442985151431
"difficulty",1.5,"zpd_40_70",0.54559166,0.473666657,-0.071925003,-0.08341665615,-0.060212891025,-0.391533116823245
"difficulty",1.5,"bored",0.031974992,0.011083332,-0.02089166,-0.02493352945,-0.01729978475,-0.334958131778649
"difficulty",1.5,"frustr",0.115799999,0.242683325,0.126883326,0.119798328675,0.133968103025,1.13242272865661
"difficulty",1.5,"mean_p",0.534873148,0.446336704,-0.088536444,-0.08924739105,-0.087850385,-8.11797885295659
"difficulty",1.5,"gain",0.515587591,0.509187381,-0.00640021,-0.010118232725,-0.00260665515,-0.107713061565941
"difficulty",1.5,"track",0.687339446,0.719246279,0.031906833,0.015532752925,0.048458544575,0.121080763857479
