"rule","arm","reference","metric","diff","ci_low","ci_high","d_z"
"volkan","2D_a0","PFP","zpd",-0.013008335,-0.0148416661,-0.011291458075,-0.476521360636729
"volkan","2D_a0","PFP","zpd_40_60",-0.016908337,-0.019400628825,-0.014474790675,-0.414166675116342
"volkan","2D_a0","PFP","zpd_60_80",-0.007483333,-0.00854167015,-0.00648333595,-0.43570418039555
"volkan","2D_a0","PFP","zpd_40_70",-0.022116672,-0.02460875155,-0.0195081446,-0.539430082548315
"volkan","2D_a0","PFP","bored",-0.000308336,-0.00045000305,-0.00018333395,-0.142203911598977
"volkan","2D_a0","PFP","frustr",0.032475006,0.029058334675,0.035900000325,0.59973292173142
"volkan","2D_a0","PFP","mean_p",-0.014567891,-0.015588861425,-0.013518026575,-0.878976707367717
"volkan","2D_a0","PFP","gain",-0.06972,-0.07612,-0.063719,-0.716679425562998
"volkan","2D_a0","PFP","track",0.075903767,0.067488097975,0.08482003535,0.557605229182378
"volkan","2D_a0.5","2D_a0","zpd",0.031116662,0.025449780075,0.037226453175,0.329522809371103
"volkan","2D_a0.5","2D_a0","zpd_40_60",0.002574994,-0.003358760125,0.008708755325,0.0263493385926383
"volkan","2D_a0.5","2D_a0","zpd_60_80",0.051391671,0.04628271955,0.056250200625,0.639522083551257
"volkan","2D_a0.5","2D_a0","zpd_40_70",0.024941667,0.017416261025,0.0329752174,0.21082248410689
"volkan","2D_a0.5","2D_a0","bored",0.023974974,0.02204164565,0.0258916282,0.779977452861553
"volkan","2D_a0.5","2D_a0","frustr",-0.078666676,-0.0848339768,-0.072173960625,-0.795897638684964
"volkan","2D_a0.5","2D_a0","mean_p",0.056389226,0.05458615235,0.05819719465,1.91503955244605
"volkan","2D_a0.5","2D_a0","gain",0.27236,0.26148,0.283721,1.51548139250881
"volkan","2D_a0.5","2D_a0","track",-0.03977265,-0.0548036878,-0.0254179298,-0.160872875139627
"volkan","2D_a1","2D_a0","zpd",0.033000011,0.02484125715,0.04071793365,0.2480981680572
"volkan","2D_a1","2D_a0","zpd_40_60",-0.01364166,-0.021677272225,-0.0054076964,-0.103083357911739
"volkan","2D_a1","2D_a0","zpd_60_80",0.076508336,0.0690412466,0.0838168839,0.638251365748437
"volkan","2D_a1","2D_a0","zpd_40_70",0.015700004,0.005591028025,0.0254706497,0.0946345818837964
"volkan","2D_a1","2D_a0","bored",0.057758341,0.0547250059,0.06106688025,1.12774458267987
"volkan","2D_a1","2D_a0","frustr",-0.121975012,-0.131491886,-0.113025017775,-0.840987294430477
"volkan","2D_a1","2D_a0","mean_p",0.098270247,0.095484927125,0.10122767645,2.06256751594903
"volkan","2D_a1","2D_a0","gain",0.47388,0.457797,0.49048,1.78406360387221
"volkan","2D_a1","2D_a0","track",0.001683289,-0.020929768325,0.024490392375,0.00453837831158758
"volkan","2D_a1.5","2D_a0","zpd",0.023958329,0.01385812165,0.033592077775,0.146323096044663
"volkan","2D_a1.5","2D_a0","zpd_40_60",-0.031433324,-0.041109358725,-0.02202476605,-0.201203328822206
"volkan","2D_a1.5","2D_a0","zpd_60_80",0.087849996,0.078240610575,0.097091886625,0.574322997003628
"volkan","2D_a1.5","2D_a0","zpd_40_70",-0.003124994,-0.0158006102,0.00916938894999998,-0.0155842842312602
"volkan","2D_a1.5","2D_a0","bored",0.096300005,0.0924583538,0.10062522205,1.40556829037329
"volkan","2D_a1.5","2D_a0","frustr",-0.150558341,-0.161276250925,-0.139107511525,-0.851441769016455
"volkan","2D_a1.5","2D_a0","mean_p",0.131046361,0.12744920535,0.134668423,2.20622051561077
"volkan","2D_a1.5","2D_a0","gain",0.62984,0.610436,0.650281,1.95908692197554
"volkan","2D_a1.5","2D_a0","track",0.068247076,0.04037257935,0.0942936957,0.155288564504703
"volkan","2D_a0","Saturn","zpd",0.134025001,0.1208820789,0.147758138575,0.627121729870661
"volkan","2D_a0","Saturn","zpd_40_60",0.151091657,0.138157103625,0.164058730275,0.731671890728871
"volkan","2D_a0","Saturn","zpd_60_80",0.086358335,0.07198291575,0.10158332165,0.369336638605341
"volkan","2D_a0","Saturn","zpd_40_70",0.210249997,0.19362998895,0.22710314205,0.769846188813187
"volkan","2D_a0","Saturn","bored",-0.172674995,-0.1819439702,-0.16358291545,-1.18123920031353
"volkan","2D_a0","Saturn","frustr",-0.119841673,-0.130767075975,-0.1094997919,-0.678354131779985
"volkan","2D_a0","Saturn","mean_p",-0.012980581,-0.015623600975,-0.01023239445,-0.299906162497554
"volkan","2D_a0","Saturn","gain",-0.05976,-0.077722,-0.042879,-0.211984994000704
"volkan","2D_a0","Saturn","track",-0.901275263,-0.916377125775,-0.88541421535,-3.67169570110139
"volkan","2D_a0.5","Saturn","zpd",0.165141663,0.155316057575,0.17525186175,0.999953159132761
"volkan","2D_a0.5","Saturn","zpd_40_60",0.153666651,0.143839556725,0.164393113075,0.937482222008929
"volkan","2D_a0.5","Saturn","zpd_60_80",0.137750006,0.12574126295,0.149805227975,0.711345115868781
"volkan","2D_a0.5","Saturn","zpd_40_70",0.235191664,0.221223134875,0.248142696775,1.10973899016044
"volkan","2D_a0.5","Saturn","bored",-0.148700021,-0.15705960495,-0.140599599925,-1.13617293491333
"volkan","2D_a0.5","Saturn","frustr",-0.198508349,-0.2069589604,-0.190307507075,-1.51480422636434
"volkan","2D_a0.5","Saturn","mean_p",0.043408645,0.0408880588,0.0459780578,1.03278204194376
"volkan","2D_a0.5","Saturn","gain",0.2126,0.19592,0.229685,0.792694606377464
"volkan","2D_a0.5","Saturn","track",-0.941047913,-0.9532199482,-0.9291979108,-4.84025937401216
"volkan","2D_a1","Saturn","zpd",0.167025012,0.157857512725,0.176175652,1.11098847373409
"volkan","2D_a1","Saturn","zpd_40_60",0.137449997,0.12762394335,0.147050828525,0.883388946371701
"volkan","2D_a1","Saturn","zpd_60_80",0.162866671,0.15240749595,0.17341290675,0.961188315152132
"volkan","2D_a1","Saturn","zpd_40_70",0.225950001,0.213664789225,0.238077085125,1.17480850488684
"volkan","2D_a1","Saturn","bored",-0.114916654,-0.122459974725,-0.107524804025,-0.949750755937877
"volkan","2D_a1","Saturn","frustr",-0.241816685,-0.249817092725,-0.2339000249,-1.9159616125818
"volkan","2D_a1","Saturn","mean_p",0.085289666,0.08222107925,0.08829427555,1.70417350202646
"volkan","2D_a1","Saturn","gain",0.41412,0.396237,0.431361,1.41561988305365
"volkan","2D_a1","Saturn","track",-0.899591974,-0.916414487275,-0.883297262475,-3.31630937844462
"volkan","2D_a1.5","Saturn","zpd",0.15798333,0.148913944075,0.167125615575,1.05845717112409
"volkan","2D_a1.5","Saturn","zpd_40_60",0.119658333,0.1098583386,0.1292339469,0.750148653349515
"volkan","2D_a1.5","Saturn","zpd_60_80",0.174208331,0.1643318701,0.18398480655,1.07760261337845
"volkan","2D_a1.5","Saturn","zpd_40_70",0.207125003,0.195758122875,0.218241884775,1.08298166976912
"volkan","2D_a1.5","Saturn","bored",-0.07637499,-0.084108535475,-0.06943270395,-0.649717631714699
"volkan","2D_a1.5","Saturn","frustr",-0.270400014,-0.2788085504,-0.261532506375,-1.99082120980837
"volkan","2D_a1.5","Saturn","mean_p",0.11806578,0.1144648018,0.1217210926,2.04172192668922
"volkan","2D_a1.5","Saturn","gain",0.57008,0.54964,0.591561,1.75039519092769
"volkan","2D_a1.5","Saturn","track",-0.833028187,-0.853380912075,-0.8141718256,-2.53885249101786
"volkan","2D_a0","Factory","zpd",0.067833326,0.041616451925,0.09370394225,0.16585636739897
"volkan","2D_a0","Factory","zpd_40_60",0.112958341,0.0932566843,0.1327373042,0.362225130721206
"volkan","2D_a0","Factory","zpd_60_80",-0.007183334,-0.0361431211,0.020521246875,-0.0157352844176481
"volkan","2D_a0","Factory","zpd_40_70",0.136599997,0.1076904185,0.16362709505,0.297553131279576
"volkan","2D_a0","Factory","bored",-0.225883351,-0.2478516868,-0.20427356545,-0.633999159288208
"volkan","2D_a0","Factory","frustr",0.094175011,0.08696626625,0.101450210575,0.793113266366166
"volkan","2D_a0","Factory","mean_p",-0.155232963,-0.16004195535,-0.15031040455,-1.98656290179473
"volkan","2D_a0","Factory","gain",-0.7416,-0.767041,-0.716037,-1.76720189029015
"volkan","2D_a0","Factory","track",-0.517833311,-0.56089400785,-0.473685718,-0.733354447175485
"volkan","2D_a0.5","Factory","zpd",0.098949988,0.077866018525,0.121846870775,0.280459397215295
"volkan","2D_a0.5","Factory","zpd_40_60",0.115533335,0.098281871675,0.131037084,0.44255531620493
"volkan","2D_a0.5","Factory","zpd_60_80",0.044208337,0.01863207825,0.0706841677,0.108669075845823
"volkan","2D_a0.5","Factory","zpd_40_70",0.161541664,0.137187895925,0.18570520065,0.416556813485351
"volkan","2D_a0.5","Factory","bored",-0.201908377,-0.221995472475,-0.182373594275,-0.606625567730162
"volkan","2D_a0.5","Factory","frustr",0.015508335,0.00976666985,0.0214843805,0.171335153052068
"volkan","2D_a0.5","Factory","mean_p",-0.098843737,-0.1044546502,-0.09290019075,-1.00795032130178
"volkan","2D_a0.5","Factory","gain",-0.46924,-0.500884,-0.437396,-0.938116801432148
"volkan","2D_a0.5","Factory","track",-0.557605961,-0.59361688415,-0.5227018695,-0.974768339691996
"volkan","2D_a1","Factory","zpd",0.100833337,0.07940481175,0.12108437955,0.299163869494335
"volkan","2D_a1","Factory","zpd_40_60",0.099316681,0.08371604185,0.114309810325,0.392855784756883
"volkan","2D_a1","Factory","zpd_60_80",0.069325002,0.0449016714,0.092783331025,0.179577482717494
"volkan","2D_a1","Factory","zpd_40_70",0.152300001,0.129167286075,0.173117700525,0.426983744089084
"volkan","2D_a1","Factory","bored",-0.16812501,-0.1876256242,-0.14817688645,-0.530132224654645
"volkan","2D_a1","Factory","frustr",-0.027800001,-0.035042089475,-0.021191245775,-0.248072654474197
"volkan","2D_a1","Factory","mean_p",-0.056962716,-0.0641340294,-0.0499887927,-0.498413967692702
"volkan","2D_a1","Factory","gain",-0.26772,-0.304201,-0.232275,-0.46173681600837
"volkan","2D_a1","Factory","track",-0.516150022,-0.548205428275,-0.48339000035,-0.949823649603239
"volkan","2D_a1.5","Factory","zpd",0.091791655,0.071215820875,0.11338331435,0.26607421609542
"volkan","2D_a1.5","Factory","zpd_40_60",0.081525017,0.06552480255,0.096700849,0.320516591995904
"volkan","2D_a1.5","Factory","zpd_60_80",0.080666662,0.056548946525,0.10543603025,0.209530570682232
"volkan","2D_a1.5","Factory","zpd_40_70",0.133475003,0.112601471825,0.154160217625,0.389748695948619
"volkan","2D_a1.5","Factory","bored",-0.129583346,-0.149125851725,-0.110508139,-0.423134058022569
"volkan","2D_a1.5","Factory","frustr",-0.05638333,-0.06452541545,-0.048591452675,-0.430403647623993
"volkan","2D_a1.5","Factory","mean_p",-0.024186602,-0.0318353566,-0.016652148675,-0.194434324833798
"volkan","2D_a1.5","Factory","gain",-0.11176,-0.151122,-0.0735470000000001,-0.178234851492211
"volkan","2D_a1.5","Factory","track",-0.449586235,-0.481326169675,-0.41632191335,-0.855270198675579
"volkan","2D_a0","CAT","zpd",-0.070008337,-0.0915250001,-0.049907915925,-0.213916754797569
"volkan","2D_a0","CAT","zpd_40_60",0.204358341,0.188652730475,0.220393121925,0.813474924647506
"volkan","2D_a0","CAT","zpd_60_80",-0.50769166,-0.5248116877,-0.48999142925,-1.71440451751474
"volkan","2D_a0","CAT","zpd_40_70",0.057774992,0.0346164526,0.081468110175,0.152479705772351
"volkan","2D_a0","CAT","bored",0.012508335,0.004956886525,0.02028354785,0.101745163479964
"volkan","2D_a0","CAT","frustr",0.253391675,0.233644382,0.274320640225,0.753680106971855
"volkan","2D_a0","CAT","mean_p",-0.24187042,-0.2531355835,-0.230323470925,-1.29483568455338
"volkan","2D_a0","CAT","gain",-1.16976,-1.224404,-1.10875,-1.28415532870615
"volkan","2D_a0","CAT","track",-0.048290236,-0.088563768225,-0.00903740405000004,-0.0727528777612396
"volkan","2D_a0.5","CAT","zpd",-0.038891675,-0.05605874365,-0.0228741706,-0.140868250937197
"volkan","2D_a0.5","CAT","zpd_40_60",0.206933335,0.1945737394,0.2189499955,1.04716905990688
"volkan","2D_a0.5","CAT","zpd_60_80",-0.456299989,-0.47179333235,-0.440873534,-1.81469603602352
"volkan","2D_a0.5","CAT","zpd_40_70",0.082716659,0.063457085675,0.10296334015,0.268529014612709
"volkan","2D_a0.5","CAT","bored",0.036483309,0.02811642985,0.0451345476,0.274003717050768
"volkan","2D_a0.5","CAT","frustr",0.174724999,0.158891673825,0.19107500005,0.689509755822912
"volkan","2D_a0.5","CAT","mean_p",-0.185481194,-0.1953373442,-0.1758869643,-1.15320218296503
"volkan","2D_a0.5","CAT","gain",-0.8974,-0.944729,-0.850754,-1.14341313230924
"volkan","2D_a0.5","CAT","track",-0.088062886,-0.11768653105,-0.05658612665,-0.174404041262915
"volkan","2D_a1","CAT","zpd",-0.037008326,-0.05308729565,-0.0210314407,-0.146625629717918
"volkan","2D_a1","CAT","zpd_40_60",0.190716681,0.180241681975,0.20164355215,1.06662087899631
"volkan","2D_a1","CAT","zpd_60_80",-0.431183324,-0.4451749659,-0.4177745704,-1.93600015315961
"volkan","2D_a1","CAT","zpd_40_70",0.073474996,0.0566639394,0.090708753925,0.26663550830876
"volkan","2D_a1","CAT","bored",0.070266676,0.061649596425,0.079191897075,0.489918418572682
"volkan","2D_a1","CAT","frustr",0.131416663,0.118731458575,0.14381208315,0.642145328821305
"volkan","2D_a1","CAT","mean_p",-0.143600173,-0.15226981205,-0.1351786565,-1.01208766237348
"volkan","2D_a1","CAT","gain",-0.69588,-0.73816,-0.651957,-1.01572542212734
"volkan","2D_a1","CAT","track",-0.046606947,-0.0740401513,-0.0197674704,-0.105832011235749
"volkan","2D_a1.5","CAT","zpd",-0.046050008,-0.062001262025,-0.0303664722,-0.188790150106067
"volkan","2D_a1.5","CAT","zpd_40_60",0.172925017,0.1619323172,0.18375877365,0.967304650463428
"volkan","2D_a1.5","CAT","zpd_60_80",-0.419841664,-0.432737516275,-0.40735729205,-2.0304497425769
"volkan","2D_a1.5","CAT","zpd_40_70",0.054649998,0.0384874936,0.07107519335,0.207965597291673
"volkan","2D_a1.5","CAT","bored",0.10880834,0.099724378975,0.11800834005,0.714942674136738
"volkan","2D_a1.5","CAT","frustr",0.102833334,0.092282299025,0.1142020803,0.585073822731966
"volkan","2D_a1.5","CAT","mean_p",-0.110824059,-0.118477569625,-0.102607362975,-0.854416617366436
"volkan","2D_a1.5","CAT","gain",-0.53992,-0.579203,-0.501876,-0.864518226326929
"volkan","2D_a1.5","CAT","track",0.01995684,-0.00614394575,0.0466588197,0.0469073958352635
"difficulty","2D_a0","PFP","zpd",-0.009274993,-0.0111083251,-0.007649564775,-0.349103670183359
"difficulty","2D_a0","PFP","zpd_40_60",-0.006300001,-0.0084166577,-0.00419145755,-0.184164011430902
"difficulty","2D_a0","PFP","zpd_60_80",-0.007849987,-0.0088583293,-0.00685833385,-0.486420476413261
"difficulty","2D_a0","PFP","zpd_40_70",-0.011091668,-0.01313396865,-0.008957924375,-0.323134164235422
"difficulty","2D_a0","PFP","bored",-0.000383333,-0.000533332,-0.000249998,-0.166904151756228
"difficulty","2D_a0","PFP","frustr",0.015666675,0.01325730975,0.018241670025,0.384012945363127
"difficulty","2D_a0","PFP","mean_p",-0.007434743,-0.008112700475,-0.006803450225,-0.689422452628164
"difficulty","2D_a0","PFP","gain",-0.003321504,-0.004454959275,-0.002220618875,-0.191209830787472
"difficulty","2D_a0","PFP","track",0.019361006,0.015517773575,0.023484019375,0.290326569937208
"difficulty","2D_a0.5","2D_a0","zpd",0.000866676999999999,-0.00367498265,0.005717512875,0.0113415790638368
"difficulty","2D_a0.5","2D_a0","zpd_40_60",-0.025966658,-0.030600631225,-0.0211914497,-0.348264776375491
"difficulty","2D_a0.5","2D_a0","zpd_60_80",0.037124994,0.03263291365,0.0416249698,0.518016440516665
"difficulty","2D_a0.5","2D_a0","zpd_40_70",-0.016133332,-0.021333969175,-0.010789770425,-0.187655097650395
"difficulty","2D_a0.5","2D_a0","bored",0.021391639,0.019724773275,0.0230751733,0.775230926039716
"difficulty","2D_a0.5","2D_a0","frustr",-0.031000009,-0.0348673046,-0.0273083557,-0.495709737113561
"difficulty","2D_a0.5","2D_a0","mean_p",0.035376244,0.03423530045,0.03656696135,1.86767014365267
"difficulty","2D_a0.5","2D_a0","gain",-0.009193209,-0.011270425375,-0.007187342725,-0.277024483249453
"difficulty","2D_a0.5","2D_a0","track",0.048558333,0.041351763575,0.055084847525,0.426739399678941
"difficulty","2D_a1","2D_a0","zpd",-0.010908336,-0.017309175525,-0.0045164559,-0.106244107601712
"difficulty","2D_a1","2D_a0","zpd_40_60",-0.051008319,-0.056152709075,-0.045399560625,-0.583544246504273
"difficulty","2D_a1","2D_a0","zpd_60_80",0.049008337,0.042674787675,0.05535043625,0.491673740575231
"difficulty","2D_a1","2D_a0","zpd_40_70",-0.043391651,-0.05011705565,-0.0365414337,-0.392438462404103
"difficulty","2D_a1","2D_a0","bored",0.050966658,0.048349755625,0.053691867525,1.21887465549899
"difficulty","2D_a1","2D_a0","frustr",-0.048708344,-0.053891885275,-0.043340627425,-0.560323169199202
"difficulty","2D_a1","2D_a0","mean_p",0.062540113,0.060791001625,0.06441614215,2.05580860158781
"difficulty","2D_a1","2D_a0","gain",-0.022524126,-0.025030128475,-0.019927311675,-0.532274163600384
"difficulty","2D_a1","2D_a0","track",0.117564347,0.1074483625,0.1270620578,0.750620669395366
"difficulty","2D_a1.5","2D_a0","zpd",-0.024825,-0.03284186215,-0.016749994875,-0.194859823735857
"difficulty","2D_a1.5","2D_a0","zpd_40_60",-0.072033328,-0.07922521005,-0.06489582315,-0.668323495938392
"difficulty","2D_a1.5","2D_a0","zpd_60_80",0.053858337,0.045941235175,0.06170831525,0.419599372714689
"difficulty","2D_a1.5","2D_a0","zpd_40_70",-0.067725001,-0.075141867975,-0.05974831805,-0.536433386245232
"difficulty","2D_a1.5","2D_a0","bored",0.081708329,0.078583326925,0.0849666692,1.56860777579647
"difficulty","2D_a1.5","2D_a0","frustr",-0.062233343,-0.069477506925,-0.0558239769,-0.587026362241946
"difficulty","2D_a1.5","2D_a0","mean_p",0.084821886,0.082492159325,0.08708168615,2.24854478234582
"difficulty","2D_a1.5","2D_a0","gain",-0.034145032,-0.0370180892,-0.0311620246,-0.714228137301506
"difficulty","2D_a1.5","2D_a0","track",0.18641004,0.174723496175,0.197005841025,1.03294313792245
"difficulty","2D_a0","Saturn","zpd",0.225366666,0.212299581325,0.237927288175,1.12604688198574
"difficulty","2D_a0","Saturn","zpd_40_60",0.225050018,0.21264980975,0.236261486475,1.17390860845758
"difficulty","2D_a0","Saturn","zpd_60_80",0.146999998,0.132398520225,0.1618703916,0.627391457064458
"difficulty","2D_a0","Saturn","zpd_40_70",0.327741663,0.3124989479,0.3417177073,1.36144268675018
"difficulty","2D_a0","Saturn","bored",-0.211783325,-0.220000220525,-0.20353270845,-1.61436857562904
"difficulty","2D_a0","Saturn","frustr",-0.206341664,-0.214903122875,-0.197416241725,-1.41825060537246
"difficulty","2D_a0","Saturn","mean_p",0.007274655,0.0054662398,0.0092018842,0.235308901682576
"difficulty","2D_a0","Saturn","gain",0.170050149,0.1656493962,0.173923812125,2.51794307195029
"difficulty","2D_a0","Saturn","track",-0.975746239,-0.986486311125,-0.965247178,-5.81383251994365
"difficulty","2D_a0.5","Saturn","zpd",0.226233343,0.2167048136,0.235625008175,1.44146156969504
"difficulty","2D_a0.5","Saturn","zpd_40_60",0.19908336,0.18937420045,0.2086252411,1.25969888697952
"difficulty","2D_a0.5","Saturn","zpd_60_80",0.184124992,0.172140826825,0.1956849977,0.976976553962028
"difficulty","2D_a0.5","Saturn","zpd_40_70",0.311608331,0.29946457365,0.3233458165,1.6380477264648
"difficulty","2D_a0.5","Saturn","bored",-0.190391686,-0.197400634775,-0.183408139625,-1.5988982442617
"difficulty","2D_a0.5","Saturn","frustr",-0.237341673,-0.2442252098,-0.229897292625,-2.07322187295462
"difficulty","2D_a0.5","Saturn","mean_p",0.042650899,0.0407020368,0.044516143675,1.35697739489087
"difficulty","2D_a0.5","Saturn","gain",0.16085694,0.156997606975,0.16475706855,2.56516101205575
"difficulty","2D_a0.5","Saturn","track",-0.927187906,-0.936250530775,-0.917975714925,-6.34642795204884
"difficulty","2D_a1","Saturn","zpd",0.21445833,0.20549125235,0.224142717475,1.43324070092576
"difficulty","2D_a1","Saturn","zpd_40_60",0.174041699,0.164123772175,0.1842198387,1.11690355562822
"difficulty","2D_a1","Saturn","zpd_60_80",0.196008335,0.1857302318,0.206660842825,1.15614295506554
"difficulty","2D_a1","Saturn","zpd_40_70",0.284350012,0.27264040865,0.2953610491,1.56686983154542
"difficulty","2D_a1","Saturn","bored",-0.160816667,-0.167783315675,-0.15394895,-1.43393245224918
"difficulty","2D_a1","Saturn","frustr",-0.255050008,-0.26149210265,-0.248016456625,-2.31701945108099
"difficulty","2D_a1","Saturn","mean_p",0.069814768,0.06758709715,0.071987604025,1.93779651668956
"difficulty","2D_a1","Saturn","gain",0.147526023,0.143610830575,0.151461016,2.35156701161302
"difficulty","2D_a1","Saturn","track",-0.858181892,-0.86879506255,-0.8483116485,-5.27000253600593
"difficulty","2D_a1.5","Saturn","zpd",0.200541666,0.191016236925,0.2100089854,1.30042092326929
"difficulty","2D_a1.5","Saturn","zpd_40_60",0.15301669,0.143249199075,0.16267583585,0.958577777218269
"difficulty","2D_a1.5","Saturn","zpd_60_80",0.200858335,0.19107417065,0.21120210005,1.20060328454959
"difficulty","2D_a1.5","Saturn","zpd_40_70",0.260016662,0.248557281875,0.2716929195,1.42052897467335
"difficulty","2D_a1.5","Saturn","bored",-0.130074996,-0.136962515075,-0.1232151995,-1.15492131688996
"difficulty","2D_a1.5","Saturn","frustr",-0.268575007,-0.275575438525,-0.261556669525,-2.39683835455966
"difficulty","2D_a1.5","Saturn","mean_p",0.092096541,0.089714458625,0.0946671206,2.28386803016812
"difficulty","2D_a1.5","Saturn","gain",0.135905117,0.13207262215,0.13992886265,2.10490335697538
"difficulty","2D_a1.5","Saturn","track",-0.789336199,-0.800229905575,-0.77822708175,-4.38557464803954
"difficulty","2D_a0","Factory","zpd",0.018458321,-0.00442313155,0.040202888025,0.0507405054585902
"difficulty","2D_a0","Factory","zpd_40_60",0.090291656,0.070516013275,0.109616846,0.286897697915017
"difficulty","2D_a0","Factory","zpd_60_80",-0.079633341,-0.10073437875,-0.0578485585,-0.226214242753245
"difficulty","2D_a0","Factory","zpd_40_70",0.079941651,0.0561235363,0.10247747255,0.215857668764471
"difficulty","2D_a0","Factory","bored",-0.087125008,-0.099876672825,-0.07452479955,-0.424603000703193
"difficulty","2D_a0","Factory","frustr",0.057416673,0.051166257275,0.06427604855,0.531277754530501
"difficulty","2D_a0","Factory","mean_p",-0.098039415,-0.100576221425,-0.0954801272,-2.30161267769974
"difficulty","2D_a0","Factory","gain",0.044742276,0.039497045825,0.0502505716,0.515173717758181
"difficulty","2D_a0","Factory","track",-0.234339878,-0.262072587175,-0.208722216875,-0.550555884009301
"difficulty","2D_a0.5","Factory","zpd",0.019324998,-0.00361919225,0.0439241674749999,0.0517603633165033
"difficulty","2D_a0.5","Factory","zpd_40_60",0.064324998,0.044273535075,0.085550204375,0.192908858391386
"difficulty","2D_a0.5","Factory","zpd_60_80",-0.042508347,-0.06408562095,-0.02053272095,-0.118979391216022
"difficulty","2D_a0.5","Factory","zpd_40_70",0.063808319,0.0399151946,0.085662495375,0.173139163372527
"difficulty","2D_a0.5","Factory","bored",-0.065733369,-0.078160022025,-0.054754199225,-0.339955397580366
"difficulty","2D_a0.5","Factory","frustr",0.026416664,0.018465825975,0.0340252132,0.215172731571521
"difficulty","2D_a0.5","Factory","mean_p",-0.062663171,-0.06627694815,-0.059073265325,-1.04373613427374
"difficulty","2D_a0.5","Factory","gain",0.035549067,0.0306126947,0.0407255968,0.429194292328921
"difficulty","2D_a0.5","Factory","track",-0.185781545,-0.20975694705,-0.16087196115,-0.460548971892413
"difficulty","2D_a1","Factory","zpd",0.007549985,-0.016816906125,0.0309928975999999,0.0198174527135633
"difficulty","2D_a1","Factory","zpd_40_60",0.039283337,0.018819798,0.060641883,0.115894398457997
"difficulty","2D_a1","Factory","zpd_60_80",-0.030625004,-0.053001268375,-0.00884582885000007,-0.084658110047787
"difficulty","2D_a1","Factory","zpd_40_70",0.03655,0.012736667875,0.0595256261,0.10046880963697
"difficulty","2D_a1","Factory","bored",-0.03615835,-0.047484399225,-0.024841493125,-0.189966862420601
"difficulty","2D_a1","Factory","frustr",0.008708329,0.0005833358,0.016492281975,0.0658320571252489
"difficulty","2D_a1","Factory","mean_p",-0.035499302,-0.039883030175,-0.0311396413,-0.500407239350704
"difficulty","2D_a1","Factory","gain",0.02221815,0.017063888375,0.027171662,0.272159094867815
"difficulty","2D_a1","Factory","track",-0.116775531,-0.142798219625,-0.09256266765,-0.293407944780146
"difficulty","2D_a1.5","Factory","zpd",-0.006366679,-0.0296668701,0.017104784375,-0.0163987679353853
"difficulty","2D_a1.5","Factory","zpd_40_60",0.018258328,-0.00245852945,0.0391700011,0.0532852507537345
"difficulty","2D_a1.5","Factory","zpd_60_80",-0.025775004,-0.049539797525,-0.00176270317500002,-0.0694769303259144
"difficulty","2D_a1.5","Factory","zpd_40_70",0.01221665,-0.0106335677,0.034653497175,0.0340160518317898
"difficulty","2D_a1.5","Factory","bored",-0.005416679,-0.017383349025,0.00582311557499997,-0.0285313334892409
"difficulty","2D_a1.5","Factory","frustr",-0.00481667,-0.01303395705,0.003775211075,-0.0352425608194114
"difficulty","2D_a1.5","Factory","mean_p",-0.013217529,-0.01793798575,-0.00847751292500001,-0.169863739975815
"difficulty","2D_a1.5","Factory","gain",0.010597244,0.005618704975,0.015649297825,0.131562461009368
"difficulty","2D_a1.5","Factory","track",-0.047929838,-0.0720353102,-0.024867532025,-0.122318915753775
"difficulty","2D_a0","CAT","zpd",-0.041375017,-0.059701876225,-0.023774825525,-0.145028909638832
"difficulty","2D_a0","CAT","zpd_40_60",0.257199995,0.2438160412,0.270901461925,1.17818187978423
"difficulty","2D_a0","CAT","zpd_60_80",-0.445308343,-0.461560215775,-0.428789995575,-1.67629772778708
"difficulty","2D_a0","CAT","zpd_40_70",0.11331665,0.094216441025,0.131336028575,0.361940894677396
"difficulty","2D_a0","CAT","bored",-0.006041653,-0.0106676859,-0.00107373027500001,-0.0776884955097079
"difficulty","2D_a0","CAT","frustr",0.12968334,0.11571604615,0.143666867925,0.568214236423992
"difficulty","2D_a0","CAT","mean_p",-0.181424771,-0.189856603125,-0.173394878775,-1.3632937115523
"difficulty","2D_a0","CAT","gain",0.035746174,0.0304002559,0.040859247775,0.425787369263698
"difficulty","2D_a0","CAT","track",-0.237692088,-0.26079201145,-0.214116074575,-0.620387695185535
"difficulty","2D_a0.5","CAT","zpd",-0.04050834,-0.05538501245,-0.025008152025,-0.165559256440063
"difficulty","2D_a0.5","CAT","zpd_40_60",0.231233337,0.219933350625,0.24295875255,1.27852016939261
"difficulty","2D_a0.5","CAT","zpd_60_80",-0.408183349,-0.421733347175,-0.39439085345,-1.83025208038726
"difficulty","2D_a0.5","CAT","zpd_40_70",0.097183318,0.081672911225,0.1131681172,0.372602769895874
"difficulty","2D_a0.5","CAT","bored",0.015349986,0.010758094925,0.020774981325,0.18478057722832
"difficulty","2D_a0.5","CAT","frustr",0.098683331,0.0881827092,0.1095420806,0.570041064667351
"difficulty","2D_a0.5","CAT","mean_p",-0.146048527,-0.153371835475,-0.138665419675,-1.26026746549425
"difficulty","2D_a0.5","CAT","gain",0.026552965,0.022319557,0.030616185575,0.381117556528772
"difficulty","2D_a0.5","CAT","track",-0.189133755,-0.20781582675,-0.17020318045,-0.614288114970601
"difficulty","2D_a1","CAT","zpd",-0.052283353,-0.066968975275,-0.037141472925,-0.222671059547627
"difficulty","2D_a1","CAT","zpd_40_60",0.206191676,0.195741241275,0.2176675107,1.16468377956155
"difficulty","2D_a1","CAT","zpd_60_80",-0.396300006,-0.4094508522,-0.383989398825,-1.9446691513022
"difficulty","2D_a1","CAT","zpd_40_70",0.069924999,0.053513982475,0.084651869125,0.284633222359032
"difficulty","2D_a1","CAT","bored",0.044925005,0.039573948775,0.050508314525,0.511665381437287
"difficulty","2D_a1","CAT","frustr",0.080974996,0.072274168425,0.090308320175,0.54876371418747
"difficulty","2D_a1","CAT","mean_p",-0.118884658,-0.1252746505,-0.112381405325,-1.13026539399992
"difficulty","2D_a1","CAT","gain",0.013222048,0.009020864075,0.017369550475,0.196023604442133
"difficulty","2D_a1","CAT","track",-0.120127741,-0.136921615525,-0.10190481025,-0.419002862857549
"difficulty","2D_a1.5","CAT","zpd",-0.066200017,-0.080727106625,-0.0520983373,-0.282732225967777
"difficulty","2D_a1.5","CAT","zpd_40_60",0.185166667,0.1736495922,0.19584584725,1.03398574789072
"difficulty","2D_a1.5","CAT","zpd_60_80",-0.391450006,-0.40365001705,-0.3792720945,-1.95078675858271
"difficulty","2D_a1.5","CAT","zpd_40_70",0.045591649,0.03111626395,0.06083559795,0.188297518477972
"difficulty","2D_a1.5","CAT","bored",0.075666676,0.070216261425,0.081592108875,0.824022168717824
"difficulty","2D_a1.5","CAT","frustr",0.067449997,0.059539373275,0.07540854035,0.520382526993486
"difficulty","2D_a1.5","CAT","mean_p",-0.096602885,-0.102464350325,-0.090542905125,-0.983642183425064
"difficulty","2D_a1.5","CAT","gain",0.001601142,-0.00245978645,0.00576622095,0.0241501939776352
"difficulty","2D_a1.5","CAT","track",-0.051282048,-0.0691378829,-0.03386164225,-0.183460615255866
