"rule","comparison","metric","mean_first","mean_second","diff","ci_low","ci_high","d_z"
"volkan","2D_a1 - 2D_offset","zpd",0.298091677,0.296566667,0.00152501,-0.00579183235,0.00914291834999999,0.0134749264132929
"volkan","2D_a1 - 2D_offset","zpd_40_60",0.265550003,0.266408333,-0.000858330000000001,-0.00728395685,0.005858339175,-0.00757146418675765
"volkan","2D_a1 - 2D_offset","zpd_60_80",0.308925007,0.305266648,0.003658359,-0.003018723225,0.010586493675,0.032980966905599
"volkan","2D_a1 - 2D_offset","bored",0.11880833,0.120258333,-0.001450003,-0.0049756326,0.00203352875,-0.0252889644956791
"volkan","2D_a1 - 2D_offset","frustr",0.133341662,0.141983326,-0.008641664,-0.0139502139,-0.00351646545,-0.104058058096263
"volkan","2D_a1 - 2D_offset","mean_p",0.57925111,0.573728613,0.005522497,0.002958528625,0.008236524525,0.125817247988196
"volkan","2D_a1 - 2D_offset","gain",0.38196,0.35276,0.0292,0.01508,0.044721,0.12221313077379
"volkan","2D_a1 - 2D_offset","track",0.969743027,0.992261024,-0.022517997,-0.0349334506,-0.0114872324,-0.11937825593841
"volkan","2D_a1 - 2D_offset","track_sd",0.559434195,0.443360267,0.116073928,0.111405865975,0.1209282639,1.48960388193412
"volkan","2D_offset - 2D_a0","zpd",0.296566667,0.265091666,0.031475001,0.02008248705,0.04320083595,0.171896796799533
"volkan","2D_offset - 2D_a0","zpd_40_60",0.266408333,0.279191663,-0.01278333,-0.02386664835,-0.000724799600000001,-0.0694342927078273
"volkan","2D_offset - 2D_a0","zpd_60_80",0.305266648,0.232416671,0.072849977,0.062415811675,0.08348537645,0.43586065389097
"volkan","2D_offset - 2D_a0","bored",0.120258333,0.061049989,0.059208344,0.053424815375,0.0649010566,0.612030036226305
"volkan","2D_offset - 2D_a0","frustr",0.141983326,0.255316674,-0.113333348,-0.12191877815,-0.104932925475,-0.821398994321815
"volkan","2D_offset - 2D_a0","mean_p",0.573728613,0.480980863,0.09274775,0.091298893825,0.094162124075,3.91052359456399
"volkan","2D_offset - 2D_a0","gain",0.35276,-0.09192,0.44468,0.433319,0.45612,2.48862146182458
"volkan","2D_offset - 2D_a0","track",0.992261024,0.968059738,0.024201286,0.0010684994,0.04766713035,0.0629824636069942
"volkan","2D_offset - 2D_a0","track_sd",0.443360267,0.446854689,-0.003494422,-0.00970243965,0.002932261925,-0.0327406769957522
"volkan","2D_a1 - 2D_a0","zpd",0.298091677,0.265091666,0.033000011,0.02484125715,0.04071793365,0.2480981680572
"volkan","2D_a1 - 2D_a0","zpd_40_60",0.265550003,0.279191663,-0.01364166,-0.021677272225,-0.0054076964,-0.103083357911739
"volkan","2D_a1 - 2D_a0","zpd_60_80",0.308925007,0.232416671,0.076508336,0.0690412466,0.0838168839,0.638251365748437
"volkan","2D_a1 - 2D_a0","bored",0.11880833,0.061049989,0.057758341,0.054750010975,0.060816888,1.12774458267987
"volkan","2D_a1 - 2D_a0","frustr",0.133341662,0.255316674,-0.121975012,-0.1306506351,-0.113266059025,-0.840987294430477
"volkan","2D_a1 - 2D_a0","mean_p",0.57925111,0.480980863,0.098270247,0.095343675025,0.10126521425,2.06256751594903
"volkan","2D_a1 - 2D_a0","gain",0.38196,-0.09192,0.47388,0.45772,0.490403,1.78406360387221
"volkan","2D_a1 - 2D_a0","track",0.969743027,0.968059738,0.001683289,-0.02057853685,0.023717275025,0.00453837831158758
"volkan","2D_a1 - 2D_a0","track_sd",0.559434195,0.446854689,0.112579506,0.1055108283,0.11943485785,1.00865776973436
"difficulty","2D_a1 - 2D_offset","zpd",0.353758324,0.388383316,-0.034624992,-0.041249993075,-0.02770791135,-0.32201997209295
"difficulty","2D_a1 - 2D_offset","zpd_40_60",0.308358339,0.325158317,-0.016799978,-0.023175610625,-0.010165792525,-0.156115483907413
"difficulty","2D_a1 - 2D_offset","zpd_60_80",0.353866666,0.383766665,-0.029899999,-0.03601686105,-0.023649153075,-0.294825861756444
"difficulty","2D_a1 - 2D_offset","bored",0.082558317,0.060274989,0.022283328,0.0196000098,0.024749992175,0.545285299293017
"difficulty","2D_a1 - 2D_offset","frustr",0.08275833,0.070174999,0.012583331,0.009157694225,0.0157835393,0.23720798133669
"difficulty","2D_a1 - 2D_offset","mean_p",0.589978518,0.589982174,-3.65600000000087e-06,-0.001554156275,0.001603015125,-0.000146679102416226
"difficulty","2D_a1 - 2D_offset","gain",0.489741961,0.501059364,-0.011317403,-0.013202516325,-0.00920381075,-0.347058106285893
"difficulty","2D_a1 - 2D_offset","track",0.824264799,0.767625896,0.056638903,0.0489553393,0.06441103305,0.470275798185959
"difficulty","2D_a1 - 2D_offset","track_sd",0.533371577,0.396141761,0.137229816,0.13319698455,0.141405753975,2.07452584194282
"difficulty","2D_offset - 2D_a0","zpd",0.388383316,0.36466666,0.023716656,0.015315824725,0.031667694775,0.174040786055449
"difficulty","2D_offset - 2D_a0","zpd_40_60",0.325158317,0.359366658,-0.034208341,-0.042134386575,-0.026324160925,-0.267808679548707
"difficulty","2D_offset - 2D_a0","zpd_60_80",0.383766665,0.304858329,0.078908336,0.071706675025,0.08606709345,0.660692275656535
"difficulty","2D_offset - 2D_a0","bored",0.060274989,0.031591659,0.02868333,0.0249160351,0.03253415955,0.467295242143056
"difficulty","2D_offset - 2D_a0","frustr",0.070174999,0.131466674,-0.061291675,-0.0666835449,-0.055982922225,-0.710881747184444
"difficulty","2D_offset - 2D_a0","mean_p",0.589982174,0.527438405,0.062543769,0.061886493975,0.063207292575,5.71635453852761
"difficulty","2D_offset - 2D_a0","gain",0.501059364,0.512266087,-0.011206723,-0.014251337975,-0.008128301925,-0.233015560146706
"difficulty","2D_offset - 2D_a0","track",0.767625896,0.706700452,0.060925444,0.04775073365,0.07318587865,0.305144806669259
"difficulty","2D_offset - 2D_a0","track_sd",0.396141761,0.386175604,0.009966157,0.00532128625,0.01439490675,0.139081619414496
"difficulty","2D_a1 - 2D_a0","zpd",0.353758324,0.36466666,-0.010908336,-0.017108778925,-0.0043831434,-0.106244107601712
"difficulty","2D_a1 - 2D_a0","zpd_40_60",0.308358339,0.359366658,-0.051008319,-0.056558522375,-0.045549778675,-0.583544246504273
"difficulty","2D_a1 - 2D_a0","zpd_60_80",0.353866666,0.304858329,0.049008337,0.04267459275,0.055017292175,0.491673740575231
"difficulty","2D_a1 - 2D_a0","bored",0.082558317,0.031591659,0.050966658,0.048424367075,0.05364187885,1.21887465549899
"difficulty","2D_a1 - 2D_a0","frustr",0.08275833,0.131466674,-0.048708344,-0.054008762925,-0.043649807425,-0.560323169199202
"difficulty","2D_a1 - 2D_a0","mean_p",0.589978518,0.527438405,0.062540113,0.060718129925,0.064450441675,2.05580860158781
"difficulty","2D_a1 - 2D_a0","gain",0.489741961,0.512266087,-0.022524126,-0.025111809625,-0.01996221235,-0.532274163600384
"difficulty","2D_a1 - 2D_a0","track",0.824264799,0.706700452,0.117564347,0.1076630573,0.126679683125,0.750620669395366
"difficulty","2D_a1 - 2D_a0","track_sd",0.533371577,0.386175604,0.147195973,0.14149360685,0.1527327385,1.58549949326179
