"rule","arm","zpd","zpd_40_60","zpd_60_80","zpd_40_70","bored","frustr","mean_p","gain","track"
"difficulty","Saturn",0.139299994,0.13431664,0.157858331,0.206758329,0.243374984,0.337808338,0.52016375,0.342215938,1.682446691
"difficulty","Factory",0.346208339,0.269075002,0.38449167,0.454558341,0.118716667,0.074050001,0.62547782,0.467523811,0.94104033
"difficulty","CAT",0.406041677,0.102166663,0.750166672,0.421183342,0.037633312,0.001783334,0.708863176,0.476519913,0.94439254
"difficulty","PFP",0.373941653,0.365666659,0.312708316,0.54559166,0.031974992,0.115799999,0.534873148,0.515587591,0.687339446
"difficulty","PFP2D_a0",0.332300008,0.309241669,0.325783329,0.480258339,0.055066665,0.14025,0.54535601,0.488731385,0.822267293
"difficulty","PFP2D_a0.5",0.351341659,0.298583329,0.365816671,0.482408331,0.072591663,0.101275001,0.582165921,0.485503112,0.841888991
"difficulty","PFP2D_a1",0.35108333,0.277024999,0.397466655,0.467266669,0.095808308,0.074849999,0.616115076,0.476552667,0.891855159
"difficulty","PFP2D_a1.5",0.342308324,0.248516659,0.414983333,0.44057499,0.126458309,0.056158335,0.647190025,0.46401558,0.963297899
"volkan","Saturn",0.131066665,0.128100006,0.146058336,0.195308336,0.233724984,0.375158347,0.493961444,-0.03216,1.869335001
"volkan","Factory",0.19725834,0.166233322,0.239600005,0.268958336,0.28693334,0.161141663,0.636213826,0.64968,1.485893049
"volkan","CAT",0.335100003,0.074833322,0.740108331,0.347783341,0.048541654,0.001924999,0.722851283,1.07784,1.016349974
"volkan","PFP",0.278100001,0.2961,0.239900004,0.427675005,0.061358325,0.222841668,0.495548754,-0.0222,0.892155971
"volkan","PFP2D_a0",0.186899998,0.179483324,0.200333325,0.279916663,0.142100005,0.317025005,0.490125913,-0.05008,1.33623853
"volkan","PFP2D_a0.5",0.20088333,0.203349996,0.222091669,0.308633331,0.176308324,0.240458331,0.542149506,0.19932,1.297952548
"volkan","PFP2D_a1",0.21804166,0.208924988,0.239091657,0.318833324,0.216091651,0.180133338,0.591080578,0.436,1.309846753
"volkan","PFP2D_a1.5",0.229533328,0.196575005,0.256058329,0.315075001,0.261866664,0.134249998,0.636144173,0.64984,1.364343256
