"rule","arm","metric","mean","ci_low","ci_high"
"volkan","Saturn","zpd",0.131066665,0.128491674575,0.133633339175
"volkan","Saturn","zpd_40_60",0.128100006,0.12565834595,0.13050041545
"volkan","Saturn","zpd_60_80",0.146058336,0.142899800275,0.149066883875
"volkan","Saturn","zpd_40_80",0.274158341,0.269782720175,0.278383983075
"volkan","Saturn","zpd_40_70",0.195308336,0.192032916625,0.1986252125
"volkan","Saturn","bored",0.233724984,0.22131456975,0.2467501982
"volkan","Saturn","frustr",0.375158347,0.3602956369,0.3890681279
"volkan","Saturn","mean_p",0.493961444,0.481236354325,0.5064219996
"volkan","Saturn","gain",-0.03216,-0.094804,0.030607
"volkan","Saturn","track",1.869335001,1.83811476605,1.900832454475
"volkan","Factory","zpd",0.19725834,0.17721646165,0.2178100028
"volkan","Factory","zpd_40_60",0.166233322,0.15073665685,0.18173353065
"volkan","Factory","zpd_60_80",0.239600005,0.216883123925,0.263792710875
"volkan","Factory","zpd_40_80",0.40583333,0.378563953375,0.43329625155
"volkan","Factory","zpd_40_70",0.268958336,0.2471991679,0.29210083625
"volkan","Factory","bored",0.28693334,0.260146674575,0.31479230435
"volkan","Factory","frustr",0.161141663,0.1429254114,0.17955854125
"volkan","Factory","mean_p",0.636213826,0.620000612725,0.652470777125
"volkan","Factory","gain",0.64968,0.57128,0.729041
"volkan","Factory","track",1.485893049,1.429379573975,1.5451940872
"volkan","CAT_50","zpd",0.472458338,0.4602333457,0.4841172833
"volkan","CAT_50","zpd_40_60",0.684066659,0.674991454625,0.692891856375
"volkan","CAT_50","zpd_60_80",0.154516661,0.146723318625,0.162316636525
"volkan","CAT_50","zpd_40_80",0.838583342,0.830290637,0.846909803325
"volkan","CAT_50","zpd_40_70",0.816608345,0.80857397325,0.825002511975
"volkan","CAT_50","bored",0.002200001,0.0014747907,0.00304187535
"volkan","CAT_50","frustr",0.027116642,0.0237999759,0.0306258094
"volkan","CAT_50","mean_p",0.500546163,0.497231319825,0.503498642675
"volkan","CAT_50","gain",-0.00232,-0.013001,0.00736
"volkan","CAT_50","track",0.339600385,0.333383589325,0.34607961925
"volkan","CAT_70","zpd",0.335100003,0.322791046125,0.34836687065
"volkan","CAT_70","zpd_40_60",0.074833322,0.06906665495,0.08056706795
"volkan","CAT_70","zpd_60_80",0.740108331,0.730424783625,0.749637280525
"volkan","CAT_70","zpd_40_80",0.814941665,0.8040745925,0.82527604575
"volkan","CAT_70","zpd_40_70",0.347783341,0.33536438055,0.3608766774
"volkan","CAT_70","bored",0.048541654,0.04314895795,0.0538670833
"volkan","CAT_70","frustr",0.001924999,0.00132499895,0.002575
"volkan","CAT_70","mean_p",0.722851283,0.71982468065,0.72577399475
"volkan","CAT_70","gain",1.07784,1.06724,1.08792
"volkan","CAT_70","track",1.016349974,1.0010988284,1.03120704705
"volkan","CAT_85","zpd",0.013125002,0.0111416738,0.01524166915
"volkan","CAT_85","zpd_40_60",0.004116669,0.003241457625,0.0050918792
"volkan","CAT_85","zpd_60_80",0.057908322,0.05224915945,0.063867909025
"volkan","CAT_85","zpd_40_80",0.062024992,0.056082914225,0.068316858625
"volkan","CAT_85","zpd_40_70",0.014400005,0.0120579203,0.01690021795
"volkan","CAT_85","bored",0.825058319,0.8130153993,0.8364931076
"volkan","CAT_85","frustr",0.000191667,7.4999e-05,0.000333543274999999
"volkan","CAT_85","mean_p",0.887383764,0.88510428295,0.88957281605
"volkan","CAT_85","gain",1.85112,1.841397,1.8608
"volkan","CAT_85","track",2.174610426,2.151667832875,2.197692849425
"volkan","CAT","zpd",0.335100003,0.322657917475,0.34705061825
"volkan","CAT","zpd_40_60",0.074833322,0.069282700025,0.080725611925
"volkan","CAT","zpd_60_80",0.740108331,0.7303493693,0.7497506297
"volkan","CAT","zpd_40_80",0.814941665,0.804541041975,0.8253251917
"volkan","CAT","zpd_40_70",0.347783341,0.33519981075,0.360277515725
"volkan","CAT","bored",0.048541654,0.043083116325,0.053542071675
"volkan","CAT","frustr",0.001924999,0.001308335975,0.002533334025
"volkan","CAT","mean_p",0.722851283,0.719952848375,0.725837903375
"volkan","CAT","gain",1.07784,1.066998,1.089003
"volkan","CAT","track",1.016349974,1.000688708725,1.0310689755
"volkan","PFP","zpd",0.278100001,0.2652660449,0.2918841726
"volkan","PFP","zpd_40_60",0.2961,0.283621460125,0.308818749275
"volkan","PFP","zpd_60_80",0.239900004,0.225016455775,0.2547764678
"volkan","PFP","zpd_40_80",0.536000007,0.5160495961,0.5563000161
"volkan","PFP","zpd_40_70",0.427675005,0.410123343775,0.4456168708
"volkan","PFP","bored",0.061358325,0.051190621275,0.071934580775
"volkan","PFP","frustr",0.222841668,0.2032218728,0.242109375775
"volkan","PFP","mean_p",0.495548754,0.482703451775,0.508053200725
"volkan","PFP","gain",-0.0222,-0.08404,0.041281
"volkan","PFP","track",0.892155971,0.857740898725,0.92757929125
"difficulty","Saturn","zpd",0.139299994,0.13728311905,0.14138374245
"difficulty","Saturn","zpd_40_60",0.13431664,0.13215808775,0.136433521025
"difficulty","Saturn","zpd_60_80",0.157858331,0.15540000375,0.1601918779
"difficulty","Saturn","zpd_40_80",0.292174995,0.2891079106,0.295208540975
"difficulty","Saturn","zpd_40_70",0.206758329,0.20420789505,0.20930021485
"difficulty","Saturn","bored",0.243374984,0.233599563925,0.25355039855
"difficulty","Saturn","frustr",0.337808338,0.32748979015,0.3485181277
"difficulty","Saturn","mean_p",0.52016375,0.5112091918,0.52962399295
"difficulty","Saturn","gain",0.342215938,0.3385520721,0.345806810525
"difficulty","Saturn","track",1.682446691,1.665502915775,1.7013167754
"difficulty","Factory","zpd",0.346208339,0.321753547375,0.3702839728
"difficulty","Factory","zpd_40_60",0.269075002,0.246181661325,0.291392935575
"difficulty","Factory","zpd_60_80",0.38449167,0.361215629375,0.4085835406
"difficulty","Factory","zpd_40_80",0.653566672,0.629739587,0.679217303775
"difficulty","Factory","zpd_40_70",0.454558341,0.4283245915,0.480718971325
"difficulty","Factory","bored",0.118716667,0.102716461675,0.135725409175
"difficulty","Factory","frustr",0.074050001,0.05994979165,0.089491872475
"difficulty","Factory","mean_p",0.62547782,0.613702594625,0.636693850125
"difficulty","Factory","gain",0.467523811,0.459108125225,0.475502228475
"difficulty","Factory","track",0.94104033,0.901775191725,0.983959796725
"difficulty","CAT_50","zpd",0.523983342,0.512798547575,0.5350168912
"difficulty","CAT_50","zpd_40_60",0.66383335,0.656034178925,0.671408348225
"difficulty","CAT_50","zpd_60_80",0.199924987,0.19140685415,0.20881748365
"difficulty","CAT_50","zpd_40_80",0.863758338,0.856716057875,0.87030833205
"difficulty","CAT_50","zpd_40_70",0.832441665,0.825748754475,0.83917584615
"difficulty","CAT_50","bored",0.002025001,0.001349999975,0.0027750031
"difficulty","CAT_50","frustr",0.022433308,0.019558309875,0.025316641025
"difficulty","CAT_50","mean_p",0.514760279,0.511947923825,0.51775056125
"difficulty","CAT_50","gain",0.571341827,0.56792453255,0.574678384775
"difficulty","CAT_50","track",0.349327844,0.343209047625,0.355277328925
"difficulty","CAT_70","zpd",0.406041677,0.394564997775,0.417467935725
"difficulty","CAT_70","zpd_40_60",0.102166663,0.0958577125,0.108883551475
"difficulty","CAT_70","zpd_60_80",0.750166672,0.7417495912,0.758475825525
"difficulty","CAT_70","zpd_40_80",0.852333341,0.844182309775,0.86051750045
"difficulty","CAT_70","zpd_40_70",0.421183342,0.40895814045,0.43365832725
"difficulty","CAT_70","bored",0.037633312,0.033705386175,0.041975194975
"difficulty","CAT_70","frustr",0.001783334,0.001233335975,0.0024083361
"difficulty","CAT_70","mean_p",0.708863176,0.706128326,0.7115832625
"difficulty","CAT_70","gain",0.476519913,0.4726352714,0.4807374199
"difficulty","CAT_70","track",0.94439254,0.9316088927,0.957208109475
"difficulty","CAT_85","zpd",0.017391665,0.0148333379,0.01991666805
"difficulty","CAT_85","zpd_40_60",0.004391663,0.003450000975,0.005416662
"difficulty","CAT_85","zpd_60_80",0.142158312,0.1324578899,0.151542275225
"difficulty","CAT_85","zpd_40_80",0.146549987,0.13706228015,0.156474971425
"difficulty","CAT_85","zpd_40_70",0.018666663,0.016058338775,0.021325198425
"difficulty","CAT_85","bored",0.601875019,0.5861908571,0.617730234625
"difficulty","CAT_85","frustr",0.000191667,7.5e-05,0.000333334025
"difficulty","CAT_85","mean_p",0.855257286,0.8529070184,0.857485714025
"difficulty","CAT_85","gain",0.287541393,0.28353701895,0.291599252075
"difficulty","CAT_85","track",1.86110346,1.84238363535,1.87914110915
"difficulty","CAT","zpd",0.406041677,0.393914183475,0.417819181625
"difficulty","CAT","zpd_40_60",0.102166663,0.095598325575,0.108417718525
"difficulty","CAT","zpd_60_80",0.750166672,0.741724583475,0.758193141875
"difficulty","CAT","zpd_40_80",0.852333341,0.84374042005,0.8602258374
"difficulty","CAT","zpd_40_70",0.421183342,0.40949145945,0.4333956355
"difficulty","CAT","bored",0.037633312,0.0336916428,0.041875602825
"difficulty","CAT","frustr",0.001783334,0.001241668925,0.002375
"difficulty","CAT","mean_p",0.708863176,0.70620470205,0.7116471739
"difficulty","CAT","gain",0.476519913,0.472408886525,0.480397597225
"difficulty","CAT","track",0.94439254,0.93167401195,0.95764574825
"difficulty","PFP","zpd",0.373941653,0.361549584,0.3855833181
"difficulty","PFP","zpd_40_60",0.365666659,0.3538639536,0.377284572825
"difficulty","PFP","zpd_60_80",0.312708316,0.298766020025,0.32675852735
"difficulty","PFP","zpd_40_80",0.678374996,0.6625545967,0.6946860443
"difficulty","PFP","zpd_40_70",0.54559166,0.531514983725,0.559217076275
"difficulty","PFP","bored",0.031974992,0.0256641659,0.0391335353
"difficulty","PFP","frustr",0.115799999,0.103324375125,0.1283341671
"difficulty","PFP","mean_p",0.534873148,0.52597026565,0.54389420285
"difficulty","PFP","gain",0.515587591,0.51039674675,0.520671226625
"difficulty","PFP","track",0.687339446,0.66598813515,0.708646347625
