"rule","comparison","metric","mean_diff","ci_low","ci_high","d_z","wilcoxon_p","p_holm"
"volkan","PFP - Saturn","zpd",0.147033336,0.13391625435,0.159600413825,0.709978534344233,0,0
"volkan","PFP - Saturn","zpd_40_60",0.167999994,0.155538731825,0.18098353545,0.842146495021811,0,0
"volkan","PFP - Saturn","zpd_60_80",0.093841668,0.079038976525,0.108110833275,0.408363554334403,0,0
"volkan","PFP - Saturn","zpd_40_80",0.261841666,0.243729383,0.27957249245,0.885760197545417,0,0
"volkan","PFP - Saturn","zpd_40_70",0.232366669,0.216249580825,0.2487179279,0.893021287295814,0,0
"volkan","PFP - Saturn","bored",-0.172366659,-0.181466653225,-0.163231443025,-1.18247552292766,3.32840690671857e-132,7.6553358854527e-131
"volkan","PFP - Saturn","frustr",-0.152316679,-0.162009799875,-0.14260480675,-0.980025449602612,1.60871472111888e-107,3.37830091434964e-106
"volkan","PFP - Saturn","mean_p",0.00158731,-0.000924505175000002,0.004230960175,0.0397082966428623,0.126271618832565,0.883901331827956
"volkan","PFP - Saturn","gain",0.00996,-0.006041,0.026121,0.0378148983103914,0.218564492583358,0.883901331827956
"volkan","PFP - Saturn","track",-0.97717903,-0.987708392975,-0.9665834744,-5.52755417936016,3.33085391241946e-165,1.25211275937971e-163
"volkan","PFP - Factory","zpd",0.080841661,0.056202906475,0.1046520744,0.206523383149523,3.02165625853945e-10,3.3238218843934e-09
"volkan","PFP - Factory","zpd_40_60",0.129866678,0.1124904423,0.146591870075,0.454442803554971,0,0
"volkan","PFP - Factory","zpd_60_80",0.000299999000000002,-0.025933746525,0.0270752014,0.000671540618564185,0.400915595395464,1
"volkan","PFP - Factory","zpd_40_80",0.130166677,0.100575850675,0.16160876745,0.26713386536038,5.27845989140019e-10,5.27845989140019e-09
"volkan","PFP - Factory","zpd_40_70",0.158716669,0.130191464075,0.184996881325,0.366271422257735,0,0
"volkan","PFP - Factory","bored",-0.225575015,-0.247967727575,-0.204520851275,-0.634028526279461,1.14450690977361e-56,1.83121105563778e-55
"volkan","PFP - Factory","frustr",0.061700005,0.0561079203,0.067450221,0.674252786976539,0,0
"volkan","PFP - Factory","mean_p",-0.140665072,-0.146146509575,-0.135202028175,-1.54453350190836,2.40392435453613e-148,6.97138062815476e-147
"volkan","PFP - Factory","gain",-0.67188,-0.699961,-0.642277,-1.41846107648057,9.5166210570435e-145,2.47432147483131e-143
"volkan","PFP - Factory","track",-0.593737078,-0.633509412025,-0.553973841325,-0.927055910346787,8.55790067258061e-97,1.71158013451612e-95
"volkan","PFP - CAT_50","zpd",-0.194358337,-0.209084364325,-0.179974187875,-0.79552039530479,8.72685102014617e-89,1.65810169382777e-87
"volkan","PFP - CAT_50","zpd_40_60",-0.387966659,-0.400400404,-0.376123529475,-1.93062394938731,1.77071941643337e-163,6.02044601587346e-162
"volkan","PFP - CAT_50","zpd_60_80",0.085383343,0.070790843225,0.099692082775,0.377608542651524,0,0
"volkan","PFP - CAT_50","zpd_40_80",-0.302583335,-0.32071104335,-0.28486561865,-1.04635859086314,3.75827056796336e-125,8.2681952495194e-124
"volkan","PFP - CAT_50","zpd_40_70",-0.38893334,-0.4043175048,-0.372949820575,-1.56265869097921,2.9151638552821e-159,9.62004072243092e-158
"volkan","PFP - CAT_50","bored",0.059158324,0.049572486075,0.069591868075,0.366962097827173,0,0
"volkan","PFP - CAT_50","frustr",0.195725026,0.179899406875,0.2128029444,0.719447683087098,0,0
"volkan","PFP - CAT_50","mean_p",-0.004997409,-0.015964922375,0.005608591725,-0.0287791077662762,0.373768332734589,1
"volkan","PFP - CAT_50","gain",-0.01988,-0.072126,0.031528,-0.0235958345226915,0.464526173603223,1
"volkan","PFP - CAT_50","track",0.552555586,0.52221299535,0.582326255425,1.10811063569341,0,0
"volkan","PFP - CAT_70","zpd",-0.057000002,-0.077200815825,-0.0375299925,-0.177543767108472,1.72835842585516e-06,1.55552258326964e-05
"volkan","PFP - CAT_70","zpd_40_60",0.221266678,0.205570211675,0.235775225,0.914415739392573,0,0
"volkan","PFP - CAT_70","zpd_60_80",-0.500208327,-0.517883748925,-0.482543955925,-1.71545046163433,3.02382608802698e-157,9.67624348168633e-156
"volkan","PFP - CAT_70","zpd_40_80",-0.278941658,-0.301868752975,-0.255923510575,-0.75522311493268,6.64622805592961e-80,1.19632105006733e-78
"volkan","PFP - CAT_70","zpd_40_70",0.079891664,0.058007717675,0.10313354725,0.218348684316723,1.33892896769794e-12,1.74060765800732e-11
"volkan","PFP - CAT_70","bored",0.012816671,0.0058333409,0.02063355025,0.104350568432519,0.143098508521487,0.883901331827956
"volkan","PFP - CAT_70","frustr",0.220916669,0.201848330575,0.24096728915,0.727001948003357,0,0
"volkan","PFP - CAT_70","mean_p",-0.227302529,-0.2376386355,-0.2165993699,-1.31554665894091,9.27140868081188e-146,2.59599443062733e-144
"volkan","PFP - CAT_70","gain",-1.10004,-1.153123,-1.048316,-1.3068467230716,1.54905107077524e-144,3.87262767693809e-143
"volkan","PFP - CAT_70","track",-0.124194003,-0.15818877995,-0.090288595725,-0.220727560949455,1.35396701835046e-23,2.0309505275257e-22
"volkan","PFP - CAT_85","zpd",0.264974999,0.2504729098,0.28009208755,1.12506837833609,0,0
"volkan","PFP - CAT_85","zpd_40_60",0.291983331,0.27848227275,0.30548374375,1.36912167584252,0,0
"volkan","PFP - CAT_85","zpd_60_80",0.181991682,0.163349796625,0.200800222975,0.605966051314064,0,0
"volkan","PFP - CAT_85","zpd_40_80",0.473975015,0.449732732,0.497493345775,1.19787193009459,0,0
"volkan","PFP - CAT_85","zpd_40_70",0.413275,0.39398188355,0.43141751075,1.3839650033912,0,0
"volkan","PFP - CAT_85","bored",-0.763699994,-0.777359578075,-0.7497054242,-3.49955293224461,4.19552001427964e-164,1.46843200499787e-162
"volkan","PFP - CAT_85","frustr",0.222650001,0.20402395725,0.2417525008,0.722630479408111,0,0
"volkan","PFP - CAT_85","mean_p",-0.39183501,-0.40208106935,-0.381259324675,-2.27385571479546,3.33085578663341e-165,1.25211275937971e-163
"volkan","PFP - CAT_85","gain",-1.87332,-1.927282,-1.820038,-2.20351960501789,3.29503357731502e-165,1.25211275937971e-163
"volkan","PFP - CAT_85","track",-1.282454455,-1.320096348825,-1.244402623875,-2.09280293766213,2.02953124804824e-156,6.08859374414472e-155
"volkan","PFP - CAT","zpd",-0.057000002,-0.077417726375,-0.03716917615,-0.177543767108472,1.72835842585516e-06,1.55552258326964e-05
"volkan","PFP - CAT","zpd_40_60",0.221266678,0.2060823188,0.236442516325,0.914415739392573,0,0
"volkan","PFP - CAT","zpd_60_80",-0.500208327,-0.517742486475,-0.4825822999,-1.71545046163433,3.02382608802698e-157,9.67624348168633e-156
"volkan","PFP - CAT","zpd_40_80",-0.278941658,-0.301280194025,-0.256406864275,-0.75522311493268,6.64622805592961e-80,1.19632105006733e-78
"volkan","PFP - CAT","zpd_40_70",0.079891664,0.056848736125,0.1014610498,0.218348684316723,1.33892896769794e-12,1.74060765800732e-11
"volkan","PFP - CAT","bored",0.012816671,0.005458139625,0.02069376185,0.104350568432519,0.143098508521487,0.883901331827956
"volkan","PFP - CAT","frustr",0.220916669,0.20188937055,0.239825412075,0.727001948003357,0,0
"volkan","PFP - CAT","mean_p",-0.227302529,-0.238278239775,-0.2163462496,-1.31554665894091,9.27140868081188e-146,2.59599443062733e-144
"volkan","PFP - CAT","gain",-1.10004,-1.152763,-1.047397,-1.3068467230716,1.54905107077524e-144,3.87262767693809e-143
"volkan","PFP - CAT","track",-0.124194003,-0.159762701925,-0.087235600275,-0.220727560949455,1.35396701835046e-23,2.0309505275257e-22
"difficulty","PFP - Saturn","zpd",0.234641659,0.22313186005,0.246303517875,1.23015186951738,0,0
"difficulty","PFP - Saturn","zpd_40_60",0.231350019,0.219649596575,0.242668564325,1.25550748752607,0,0
"difficulty","PFP - Saturn","zpd_60_80",0.154849985,0.141256456375,0.169378518425,0.677553896152941,0,0
"difficulty","PFP - Saturn","zpd_40_80",0.386200001,0.370281654575,0.402050193925,1.52025763625918,0,0
"difficulty","PFP - Saturn","zpd_40_70",0.338833331,0.324516476025,0.35329250865,1.48867182327965,0,0
"difficulty","PFP - Saturn","bored",-0.211399992,-0.219017487025,-0.203341038025,-1.61570071502156,3.72729473717528e-146,7.08186000063303e-145
"difficulty","PFP - Saturn","frustr",-0.222008339,-0.2299500082,-0.214566669925,-1.74423444306842,4.28827817361474e-147,8.57655634722948e-146
"difficulty","PFP - Saturn","mean_p",0.014709398,0.012876607325,0.016507081675,0.499387557711112,0,0
"difficulty","PFP - Saturn","gain",0.173371653,0.169432050225,0.177316178825,2.7385540579796,0,0
"difficulty","PFP - Saturn","track",-0.995107245,-1.0037728084,-0.986046360925,-6.93885913324085,3.33085578663341e-165,1.03256413184403e-163
"difficulty","PFP - Factory","zpd",0.027733314,0.005565814075,0.049786644,0.076235432660852,0.0122409070171001,0.0489636280684005
"difficulty","PFP - Factory","zpd_40_60",0.096591657,0.07738311255,0.11535040245,0.306584065236192,0,0
"difficulty","PFP - Factory","zpd_60_80",-0.071783354,-0.0937433673,-0.050010632225,-0.203853051869493,2.2151181017412e-10,1.32907086104472e-09
"difficulty","PFP - Factory","zpd_40_80",0.024808324,0.00412353845,0.0452431133,0.0741005551454933,0.799908861197281,0.799908861197281
"difficulty","PFP - Factory","zpd_40_70",0.091033319,0.068800006325,0.113817066625,0.248628122384873,5.61772850460329e-14,3.9324099532223e-13
"difficulty","PFP - Factory","bored",-0.086741675,-0.0999041843,-0.0745404269,-0.422756569556992,4.31565147991181e-35,4.31565147991181e-34
"difficulty","PFP - Factory","frustr",0.041749998,0.034849362675,0.049469384925,0.363828045082907,0,0
"difficulty","PFP - Factory","mean_p",-0.090604672,-0.093752957625,-0.08750034855,-1.73135566230007,4.92028784519516e-153,1.03326044749098e-151
"difficulty","PFP - Factory","gain",0.04806378,0.043121960425,0.05355314115,0.568855443484746,0,0
"difficulty","PFP - Factory","track",-0.253700884,-0.2782540853,-0.226870299975,-0.612025918584356,2.62419461271718e-55,2.8866140739889e-54
"difficulty","PFP - CAT_50","zpd",-0.150041689,-0.162491684475,-0.136622521325,-0.69454932724443,1.56497906099052e-75,2.19097068538673e-74
"difficulty","PFP - CAT_50","zpd_40_60",-0.298166691,-0.309776488075,-0.286624409375,-1.6254872163083,5.61690752859305e-162,1.51656503272012e-160
"difficulty","PFP - CAT_50","zpd_60_80",0.112783329,0.09994854125,0.126450404275,0.509051852045079,0,0
"difficulty","PFP - CAT_50","zpd_40_80",-0.185383342,-0.199217521525,-0.171671242875,-0.824386505138119,9.9490963805013e-108,1.69134638468522e-106
"difficulty","PFP - CAT_50","zpd_40_70",-0.286850005,-0.299236252625,-0.274590408375,-1.40965807734887,2.4662611950745e-160,6.41227910719371e-159
"difficulty","PFP - CAT_50","bored",0.029949991,0.024424573325,0.036033530325,0.312690452586188,0,0
"difficulty","PFP - CAT_50","frustr",0.093366691,0.0827237751,0.1037931533,0.54645953427306,0,0
"difficulty","PFP - CAT_50","mean_p",0.020112869,0.0126914547,0.027738671925,0.162286033706716,1.09974724660233e-07,5.49873623301167e-07
"difficulty","PFP - CAT_50","gain",-0.055754236,-0.059673712375,-0.051739384425,-0.83811111620783,4.262611976693e-121,7.67270155804741e-120
"difficulty","PFP - CAT_50","track",0.338011602,0.3203139459,0.357643572575,1.1380677606009,0,0
"difficulty","PFP - CAT_70","zpd",-0.032100024,-0.049483378075,-0.015164817325,-0.115805097286844,0.0202420755459273,0.0607262266377818
"difficulty","PFP - CAT_70","zpd_40_60",0.263499996,0.250456021775,0.27675395375,1.26215995546659,0,0
"difficulty","PFP - CAT_70","zpd_60_80",-0.437458356,-0.45286023115,-0.4211069123,-1.68150077456471,3.5899860000368e-157,8.97496500009199e-156
"difficulty","PFP - CAT_70","zpd_40_80",-0.173958345,-0.192745004475,-0.1560743903,-0.597745324021967,2.02259748221099e-58,2.62937672687428e-57
"difficulty","PFP - CAT_70","zpd_40_70",0.124408318,0.10564832315,0.14205102555,0.414963089013575,0,0
"difficulty","PFP - CAT_70","bored",-0.00565832,-0.01005019835,-0.000532286950000006,-0.0728621224488348,3.03570153477546e-14,2.73213138129791e-13
"difficulty","PFP - CAT_70","frustr",0.114016665,0.101564371525,0.126342715475,0.573775201825706,0,0
"difficulty","PFP - CAT_70","mean_p",-0.173990028,-0.181637073975,-0.166278924025,-1.40020039635915,3.96174877091186e-153,9.11202217309729e-152
"difficulty","PFP - CAT_70","gain",0.039067678,0.034244924725,0.043706314925,0.509496472721094,0,0
"difficulty","PFP - CAT_70","track",-0.257053094,-0.27828020745,-0.2362747221,-0.761552229598189,2.56871560099274e-90,4.10994496158838e-89
"difficulty","PFP - CAT_85","zpd",0.356549988,0.342816657825,0.36951769565,1.6507881870004,0,0
"difficulty","PFP - CAT_85","zpd_40_60",0.361274996,0.34926665485,0.37294269005,1.88848371792173,0,0
"difficulty","PFP - CAT_85","zpd_60_80",0.170550004,0.149507070275,0.191809167075,0.501335344711658,0,0
"difficulty","PFP - CAT_85","zpd_40_80",0.531825009,0.508299379975,0.5534756282,1.46068993945884,0,0
"difficulty","PFP - CAT_85","zpd_40_70",0.526924997,0.5108499954,0.54206062235,2.07466169803671,0,0
"difficulty","PFP - CAT_85","bored",-0.569900027,-0.584683360125,-0.55425647845,-2.33017678836836,4.95645557026687e-164,1.43737211537739e-162
"difficulty","PFP - CAT_85","frustr",0.115608332,0.1028885459,0.128300423475,0.565733253276659,0,0
"difficulty","PFP - CAT_85","mean_p",-0.320384138,-0.32773212215,-0.3127573485,-2.59303034904599,3.33085203820656e-165,1.03256413184403e-163
"difficulty","PFP - CAT_85","gain",0.228046198,0.22239976975,0.233351732575,2.62611410785572,0,0
"difficulty","PFP - CAT_85","track",-1.173764014,-1.196598087825,-1.149815168425,-3.16361508001275,1.30619584265256e-163,3.65734835942716e-162
"difficulty","PFP - CAT","zpd",-0.032100024,-0.0494627118,-0.01450608115,-0.115805097286844,0.0202420755459273,0.0607262266377818
"difficulty","PFP - CAT","zpd_40_60",0.263499996,0.2506491614,0.27600916815,1.26215995546659,0,0
"difficulty","PFP - CAT","zpd_60_80",-0.437458356,-0.45325064505,-0.4214966994,-1.68150077456471,3.5899860000368e-157,8.97496500009199e-156
"difficulty","PFP - CAT","zpd_40_80",-0.173958345,-0.191762292475,-0.1558246229,-0.597745324021967,2.02259748221099e-58,2.62937672687428e-57
"difficulty","PFP - CAT","zpd_40_70",0.124408318,0.10547310855,0.142342695475,0.414963089013575,0,0
"difficulty","PFP - CAT","bored",-0.00565832,-0.010091880625,-0.000699781750000001,-0.0728621224488348,3.03570153477546e-14,2.73213138129791e-13
"difficulty","PFP - CAT","frustr",0.114016665,0.10225729415,0.12642562795,0.573775201825706,0,0
"difficulty","PFP - CAT","mean_p",-0.173990028,-0.181398214275,-0.16628631435,-1.40020039635915,3.96174877091186e-153,9.11202217309729e-152
"difficulty","PFP - CAT","gain",0.039067678,0.034423793825,0.0438387715,0.509496472721094,0,0
"difficulty","PFP - CAT","track",-0.257053094,-0.277700810975,-0.236188645975,-0.761552229598189,2.56871560099274e-90,4.10994496158838e-89
