"rule","arm","setting","zpd","zpd_40_60","zpd_60_80","zpd_40_80","zpd_40_70","bored","frustr","mean_p","gain","track"
"difficulty","Factory","-",0.3462084,0.269075,0.3844914,0.6535666,0.4545582,0.1187164,0.07405,0.6254776,0.4675238,0.9410402
"volkan","Factory","-",0.1972582,0.1662332,0.2395998,0.4058334,0.2689586,0.2869332,0.1611416,0.636214,0.64968,1.4858932
"difficulty","Saturn","-",0.1393,0.1343166,0.1578584,0.2921752,0.2067582,0.243375,0.3378084,0.5201636,0.3422162,1.6824468
"volkan","Saturn","-",0.1310668,0.1281,0.1460586,0.2741582,0.1953084,0.233725,0.3751584,0.4939616,-0.03216,1.8693352
"difficulty","PFP","delta=0.02;beta=10.0",0.3725998,0.3530584,0.33085,0.6839082,0.5399166,0.0395416,0.1141084,0.5428426,0.5094176,0.7207396
"volkan","PFP","delta=0.02;beta=10.0",0.2319998,0.236325,0.2230916,0.4594166,0.3523252,0.1005082,0.2649168,0.4942102,-0.02944,1.0987646
"difficulty","PFP","delta=0.02;beta=2.0",0.3380416,0.3141832,0.3288082,0.6429916,0.4883,0.0536082,0.1341832,0.5468924,0.4916286,0.8089682
"volkan","PFP","delta=0.02;beta=2.0",0.191925,0.1855168,0.2031998,0.3887168,0.2878498,0.1392834,0.308225,0.4930754,-0.03528,1.3057476
"difficulty","PFP","delta=0.02;beta=20.0",0.38225,0.371925,0.317125,0.68905,0.5556582,0.0307582,0.1115332,0.5374532,0.5168978,0.681979
"volkan","PFP","delta=0.02;beta=20.0",0.2683002,0.2839334,0.2350248,0.5189582,0.4121084,0.0694666,0.2324082,0.4951872,-0.02268,0.9364868
"difficulty","PFP","delta=0.02;beta=40.0",0.3226332,0.3206084,0.2938416,0.61445,0.4791418,0.0452916,0.15325,0.5277818,0.500199,0.7703164
"volkan","PFP","delta=0.02;beta=40.0",0.2824334,0.2944416,0.2482916,0.5427332,0.4299,0.0544918,0.220675,0.4967992,-0.0218,0.8666698
"difficulty","PFP","delta=0.02;beta=5.0",0.3544082,0.33065,0.3314252,0.6620752,0.5112252,0.0473336,0.1248832,0.5454838,0.4996278,0.769396
"volkan","PFP","delta=0.02;beta=5.0",0.209225,0.2039584,0.2122918,0.4162502,0.3125584,0.1225584,0.2914168,0.4936192,-0.03336,1.2201922
"difficulty","PFP","delta=0.05;beta=10.0",0.3739418,0.3656664,0.3127082,0.678375,0.5455918,0.0319752,0.1158002,0.534873,0.5155876,0.6873396
"volkan","PFP","delta=0.05;beta=10.0",0.2781,0.2961,0.2399,0.536,0.427675,0.0613584,0.2228416,0.4955486,-0.0222,0.892156
"difficulty","PFP","delta=0.05;beta=2.0",0.3544082,0.33065,0.3314252,0.6620752,0.5112252,0.0473336,0.1248832,0.5454838,0.4996278,0.769396
"volkan","PFP","delta=0.05;beta=2.0",0.209225,0.2039584,0.2122918,0.4162502,0.3125584,0.1225584,0.2914168,0.4936192,-0.03336,1.2201922
"difficulty","PFP","delta=0.05;beta=20.0",0.2832832,0.2795918,0.2790584,0.5586498,0.42165,0.0630832,0.1885082,0.5241394,0.4821026,0.8609918
"volkan","PFP","delta=0.05;beta=20.0",0.2672248,0.2723164,0.2489168,0.5212332,0.4033332,0.0622416,0.2354832,0.4977852,-0.02104,0.9141174
"difficulty","PFP","delta=0.05;beta=40.0",0.13715,0.12495,0.1907832,0.3157332,0.2017416,0.187125,0.3412834,0.5121582,0.3748482,1.429411
"volkan","PFP","delta=0.05;beta=40.0",0.1526998,0.13505,0.1939166,0.3289666,0.2199498,0.1719582,0.3508416,0.4994902,-0.01216,1.4260194
"difficulty","PFP","delta=0.05;beta=5.0",0.3768666,0.3613918,0.3278748,0.6892666,0.5479168,0.0356332,0.1118748,0.541495,0.5125622,0.7044262
"volkan","PFP","delta=0.05;beta=5.0",0.2417834,0.2515836,0.2265334,0.4781168,0.3702,0.0914584,0.2549918,0.4943702,-0.0296,1.0484888
"difficulty","PFP","delta=0.1;beta=10.0",0.2832832,0.2795918,0.2790584,0.5586498,0.42165,0.0630832,0.1885082,0.5241394,0.4821026,0.8609918
"volkan","PFP","delta=0.1;beta=10.0",0.2672248,0.2723164,0.2489168,0.5212332,0.4033332,0.0622416,0.2354832,0.4977852,-0.02104,0.9141174
"difficulty","PFP","delta=0.1;beta=2.0",0.3725998,0.3530584,0.33085,0.6839082,0.5399166,0.0395416,0.1141084,0.5428426,0.5094176,0.7207396
"volkan","PFP","delta=0.1;beta=2.0",0.2319998,0.236325,0.2230916,0.4594166,0.3523252,0.1005082,0.2649168,0.4942102,-0.02944,1.0987646
"difficulty","PFP","delta=0.1;beta=20.0",0.13715,0.12495,0.1907832,0.3157332,0.2017416,0.187125,0.3412834,0.5121582,0.3748482,1.429411
"volkan","PFP","delta=0.1;beta=20.0",0.1526998,0.13505,0.1939166,0.3289666,0.2199498,0.1719582,0.3508416,0.4994902,-0.01216,1.4260194
"difficulty","PFP","delta=0.1;beta=40.0",0.0219418,0.017,0.0472418,0.0642416,0.0312,0.406,0.4763916,0.502417,0.1914608,2.6597514
"volkan","PFP","delta=0.1;beta=40.0",0.0277416,0.0202166,0.0557752,0.075992,0.0378666,0.391525,0.4742332,0.4990724,-0.00256,2.6487874
"difficulty","PFP","delta=0.1;beta=5.0",0.3739418,0.3656664,0.3127082,0.678375,0.5455918,0.0319752,0.1158002,0.534873,0.5155876,0.6873396
"volkan","PFP","delta=0.1;beta=5.0",0.2781,0.2961,0.2399,0.536,0.427675,0.0613584,0.2228416,0.4955486,-0.0222,0.892156
"difficulty","CAT","K=0.05",0.2967,0.1057668,0.6320168,0.7377832,0.3266666,0.1061084,0.007925,0.7217598,0.4468592,1.0774782
"volkan","CAT","K=0.05",0.2311082,0.1270166,0.3796502,0.5066666,0.27545,0.3112084,0.0163252,0.7487462,1.18996,1.3760682
"difficulty","CAT_50","K=0.05",0.5701832,0.5300416,0.3031502,0.8331918,0.7618084,0.0111334,0.058575,0.5398056,0.549467,0.4864766
"volkan","CAT_50","K=0.05",0.3306166,0.3622084,0.2539582,0.6161664,0.5190002,0.0325082,0.1640084,0.4959444,-0.02276,0.710454
"difficulty","CAT_70","K=0.05",0.2967,0.1057668,0.6320168,0.7377832,0.3266666,0.1061084,0.007925,0.7217598,0.4468592,1.0774782
"volkan","CAT_70","K=0.05",0.2311082,0.1270166,0.3796502,0.5066666,0.27545,0.3112084,0.0163252,0.7487462,1.18996,1.3760682
"difficulty","CAT_85","K=0.05",0.0478166,0.017175,0.188725,0.2059,0.0526082,0.5765084,0.0008334,0.849967,0.2869284,1.9037708
"volkan","CAT_85","K=0.05",0.0452918,0.0207416,0.1122082,0.1329498,0.051775,0.7763084,0.0014166,0.893603,1.88564,2.5450214
"difficulty","CAT","K=0.1",0.3046168,0.073325,0.7588166,0.8321416,0.3228334,0.0559918,0.0045334,0.7203156,0.460947,1.0221596
"volkan","CAT","K=0.1",0.2118334,0.079475,0.5342666,0.6137416,0.2349666,0.1658084,0.006,0.751149,1.207,1.2349798
"difficulty","CAT_50","K=0.1",0.6317836,0.6892166,0.2060084,0.895225,0.8619,0.0055832,0.0338832,0.5311822,0.5676352,0.3568654
"volkan","CAT_50","K=0.1",0.4271168,0.6315416,0.1645584,0.7961002,0.7534582,0.0085166,0.06365,0.4981266,-0.0114,0.4148868
"difficulty","CAT_70","K=0.1",0.3046168,0.073325,0.7588166,0.8321416,0.3228334,0.0559918,0.0045334,0.7203156,0.460947,1.0221596
"volkan","CAT_70","K=0.1",0.2118334,0.079475,0.5342666,0.6137416,0.2349666,0.1658084,0.006,0.751149,1.207,1.2349798
"difficulty","CAT_85","K=0.1",0.02955,0.0104166,0.1416832,0.1521,0.0324252,0.608975,0.0004666,0.8552698,0.2836636,1.8968564
"volkan","CAT_85","K=0.1",0.02745,0.0111168,0.0848,0.0959166,0.0306336,0.8181918,0.0005666,0.8989582,1.91,2.462114
"difficulty","CAT","K=0.3",0.4060416,0.1021668,0.7501666,0.8523334,0.4211834,0.0376334,0.0017832,0.7088632,0.47652,0.9443926
"volkan","CAT","K=0.3",0.3351,0.0748334,0.7401082,0.8149416,0.3477834,0.0485418,0.001925,0.7228512,1.07784,1.0163498
"difficulty","CAT_50","K=0.3",0.5239834,0.6638334,0.199925,0.8637584,0.8324416,0.002025,0.0224336,0.51476,0.571342,0.3493278
"volkan","CAT_50","K=0.3",0.4724582,0.6840666,0.1545168,0.8385832,0.8166084,0.0022,0.0271164,0.5005462,-0.00232,0.3396004
"difficulty","CAT_70","K=0.3",0.4060416,0.1021668,0.7501666,0.8523334,0.4211834,0.0376334,0.0017832,0.7088632,0.47652,0.9443926
"volkan","CAT_70","K=0.3",0.3351,0.0748334,0.7401082,0.8149416,0.3477834,0.0485418,0.001925,0.7228512,1.07784,1.0163498
"difficulty","CAT_85","K=0.3",0.0173916,0.0043916,0.1421584,0.14655,0.0186666,0.601875,0.0001916,0.8552574,0.2875414,1.8611034
"volkan","CAT_85","K=0.3",0.0131252,0.0041166,0.0579086,0.0620252,0.0144,0.8250582,0.0001916,0.8873838,1.85112,2.1746104
"difficulty","CAT","K=0.6",0.3965664,0.1724584,0.6047916,0.77725,0.43845,0.0831084,0.0016,0.703538,0.4705092,0.9556144
"volkan","CAT","K=0.6",0.3780166,0.1528,0.615925,0.768725,0.4126334,0.0882334,0.0015,0.7108568,1.0186,0.9858754
"difficulty","CAT_50","K=0.6",0.4439998,0.5219082,0.2474,0.7693084,0.7010668,0.0026,0.0613168,0.508222,0.55529,0.4608312
"volkan","CAT_50","K=0.6",0.4341166,0.5316666,0.2335834,0.76525,0.7075918,0.0019664,0.0665,0.5016014,-6e-04,0.4526488
"difficulty","CAT_70","K=0.6",0.3965664,0.1724584,0.6047916,0.77725,0.43845,0.0831084,0.0016,0.703538,0.4705092,0.9556144
"volkan","CAT_70","K=0.6",0.3780166,0.1528,0.615925,0.768725,0.4126334,0.0882334,0.0015,0.7108568,1.0186,0.9858754
"difficulty","CAT_85","K=0.6",0.036425,0.005475,0.2009916,0.2064666,0.0373418,0.5840164,0.000125,0.852187,0.2894178,1.8701908
"volkan","CAT_85","K=0.6",0.0194,0.0036502,0.1257,0.12935,0.0202248,0.6949332,0.0001166,0.8708396,1.77756,2.0314472
"difficulty","CAT","K=1.0",0.3473,0.200675,0.4886,0.689275,0.4152666,0.1488666,0.0061416,0.7015312,0.4547084,1.024616
"volkan","CAT","K=1.0",0.3435334,0.1926084,0.4949584,0.6875668,0.4067582,0.1501248,0.0054498,0.7057806,0.9946,1.0363246
"difficulty","CAT_50","K=1.0",0.3755334,0.4088916,0.2715666,0.6804584,0.5783834,0.0112666,0.1248416,0.504404,0.5327276,0.6023654
"volkan","CAT_50","K=1.0",0.3820332,0.4190752,0.2617498,0.6808248,0.5860002,0.0093,0.1235666,0.501063,-0.00084,0.5899354
"difficulty","CAT_70","K=1.0",0.3473,0.200675,0.4886,0.689275,0.4152666,0.1488666,0.0061416,0.7015312,0.4547084,1.024616
"volkan","CAT_70","K=1.0",0.3435334,0.1926084,0.4949584,0.6875668,0.4067582,0.1501248,0.0054498,0.7057806,0.9946,1.0363246
"difficulty","CAT_85","K=1.0",0.0683418,0.0168498,0.2238834,0.2407332,0.071075,0.58935,1e-04,0.8506356,0.2851814,1.9228894
"volkan","CAT_85","K=1.0",0.048775,0.010225,0.1847666,0.1949918,0.0503584,0.646275,1e-04,0.8629284,1.73788,2.0225768
