"dataset","band_low","band_high","u_zpd_mean","p_zpd_mean","diff"
"ASSISTments",0.05,0.6,0.82448,0.98676,0.16228
"ASSISTments",0.05,0.8,0.89348,1,0.10652
"ASSISTments",0.05,1,0.91204,1,0.08796
"ASSISTments",0.05,1.2,0.91988,1,0.08012
"ASSISTments",0.05,1.5,0.92636,1,0.07364
"ASSISTments",0.1,0.6,0.82384,0.98676,0.16292
"ASSISTments",0.1,0.8,0.89284,1,0.10716
"ASSISTments",0.1,1,0.9114,1,0.0886
"ASSISTments",0.1,1.2,0.91924,1,0.08076
"ASSISTments",0.1,1.5,0.92572,1,0.07428
"ASSISTments",0.2,0.6,0.81972,0.98652,0.1668
"ASSISTments",0.2,0.8,0.88872,0.99976,0.11104
"ASSISTments",0.2,1,0.90728,0.99976,0.09248
"ASSISTments",0.2,1.2,0.91512,0.99976,0.08464
"ASSISTments",0.2,1.5,0.9216,0.99976,0.07816
"ASSISTments",0.3,0.6,0.51752,0.7386,0.22108
"ASSISTments",0.3,0.8,0.58652,0.75184,0.16532
"ASSISTments",0.3,1,0.60508,0.75184,0.14676
"ASSISTments",0.3,1.2,0.61292,0.75184,0.13892
"ASSISTments",0.3,1.5,0.6194,0.75184,0.13244
"ASSISTments",0.4,0.6,0.22656,0.33276,0.1062
"ASSISTments",0.4,0.8,0.29556,0.346,0.05044
"ASSISTments",0.4,1,0.31412,0.346,0.03188
"ASSISTments",0.4,1.2,0.32196,0.346,0.02404
"ASSISTments",0.4,1.5,0.32844,0.346,0.01756
"OULAD",0.05,0.6,0.98456,0.99928,0.01472
"OULAD",0.05,0.8,0.99488,1,0.00512
"OULAD",0.05,1,0.99656,1,0.00344
"OULAD",0.05,1.2,0.99732,1,0.00268
"OULAD",0.05,1.5,0.99764,1,0.00236
"OULAD",0.1,0.6,0.98444,0.99928,0.01484
"OULAD",0.1,0.8,0.99476,1,0.00524
"OULAD",0.1,1,0.99644,1,0.00356
"OULAD",0.1,1.2,0.9972,1,0.0028
"OULAD",0.1,1.5,0.99752,1,0.00248
"OULAD",0.2,0.6,0.98404,0.99928,0.01524
"OULAD",0.2,0.8,0.99436,1,0.00564
"OULAD",0.2,1,0.99604,1,0.00396
"OULAD",0.2,1.2,0.9968,1,0.0032
"OULAD",0.2,1.5,0.99712,1,0.00288
"OULAD",0.3,0.6,0.94448,0.96292,0.01844
"OULAD",0.3,0.8,0.9548,0.96364,0.00884
"OULAD",0.3,1,0.95648,0.96364,0.00716
"OULAD",0.3,1.2,0.95724,0.96364,0.0064
"OULAD",0.3,1.5,0.95756,0.96364,0.00608
"OULAD",0.4,0.6,0.27932,0.19056,-0.08876
"OULAD",0.4,0.8,0.28964,0.19128,-0.09836
"OULAD",0.4,1,0.29132,0.19128,-0.10004
"OULAD",0.4,1.2,0.29208,0.19128,-0.1008
"OULAD",0.4,1.5,0.2924,0.19128,-0.10112
