rule,alpha,seed,H_min,H_p05,H_mean,H_p95,H_max,jumps_per_learner,jumps_wrong_run,jumps_distance,hterm_mean
volkan,0.0,42,nan,nan,nan,nan,nan,4.645,4.645,0.0,0.0
volkan,0.0,137,nan,nan,nan,nan,nan,4.645,4.645,0.0,0.0
volkan,0.0,369,nan,nan,nan,nan,nan,5.625,5.625,0.0,0.0
volkan,0.0,1024,nan,nan,nan,nan,nan,5.68,5.68,0.0,0.0
volkan,0.0,2026,nan,nan,nan,nan,nan,5.11,5.11,0.0,0.0
volkan,0.5,42,0.5556,0.5556,0.6145,0.8056,1.0,1.935,1.935,0.0,-0.2451
volkan,0.5,137,0.5556,0.5556,0.6133,0.8056,1.0,2.235,2.235,0.0,-0.2414
volkan,0.5,369,0.5556,0.5556,0.6172,0.8056,1.0,2.85,2.85,0.0,-0.2559
volkan,0.5,1024,0.5556,0.5556,0.6199,0.8056,1.0,2.745,2.745,0.0,-0.2614
volkan,0.5,2026,0.5556,0.5556,0.6122,0.8056,1.0,2.455,2.455,0.0,-0.2408
volkan,1.0,42,0.5556,0.5556,0.6051,0.8056,1.0,0.75,0.75,0.0,-0.4383
volkan,1.0,137,0.5556,0.5556,0.6045,0.7986,1.0,0.865,0.865,0.0,-0.4371
volkan,1.0,369,0.5556,0.5556,0.6083,0.8056,1.0,1.4,1.4,0.0,-0.4624
volkan,1.0,1024,0.5556,0.5556,0.61,0.8056,1.0,1.065,1.065,0.0,-0.4684
volkan,1.0,2026,0.5556,0.5556,0.6034,0.8056,1.0,1.11,1.11,0.0,-0.4337
volkan,1.5,42,0.5556,0.5556,0.5981,0.7569,1.0,0.28,0.28,0.0,-0.6045
volkan,1.5,137,0.5556,0.5556,0.5975,0.7431,1.0,0.355,0.355,0.0,-0.6032
volkan,1.5,369,0.5556,0.5556,0.601,0.7986,1.0,0.595,0.595,0.0,-0.6336
volkan,1.5,1024,0.5556,0.5556,0.6018,0.7986,1.0,0.355,0.355,0.0,-0.6358
volkan,1.5,2026,0.5556,0.5556,0.5967,0.7712,1.0,0.425,0.425,0.0,-0.5993
difficulty,0.0,42,nan,nan,nan,nan,nan,2.26,2.26,0.0,0.0
difficulty,0.0,137,nan,nan,nan,nan,nan,2.57,2.57,0.0,0.0
difficulty,0.0,369,nan,nan,nan,nan,nan,3.285,3.285,0.0,0.0
difficulty,0.0,1024,nan,nan,nan,nan,nan,3.135,3.135,0.0,0.0
difficulty,0.0,2026,nan,nan,nan,nan,nan,2.67,2.67,0.0,0.0
difficulty,0.5,42,0.5556,0.5556,0.6063,0.7986,1.0,0.955,0.955,0.0,-0.2208
difficulty,0.5,137,0.5556,0.5556,0.6055,0.7986,1.0,1.11,1.11,0.0,-0.2199
difficulty,0.5,369,0.5556,0.5556,0.6084,0.8056,1.0,1.61,1.61,0.0,-0.2293
difficulty,0.5,1024,0.5556,0.5556,0.6107,0.8056,1.0,1.365,1.365,0.0,-0.2347
difficulty,0.5,2026,0.5556,0.5556,0.6046,0.8056,1.0,1.23,1.23,0.0,-0.2192
difficulty,1.0,42,0.5556,0.5556,0.6003,0.7639,1.0,0.41,0.41,0.0,-0.4111
difficulty,1.0,137,0.5556,0.5556,0.5998,0.7708,1.0,0.425,0.425,0.0,-0.4114
difficulty,1.0,369,0.5556,0.5556,0.6026,0.7986,1.0,0.745,0.745,0.0,-0.4278
difficulty,1.0,1024,0.5556,0.5556,0.6039,0.7986,1.0,0.49,0.49,0.0,-0.432
difficulty,1.0,2026,0.5556,0.5556,0.599,0.7778,1.0,0.675,0.675,0.0,-0.4087
difficulty,1.5,42,0.5556,0.5556,0.5953,0.7153,1.0,0.135,0.135,0.0,-0.5812
difficulty,1.5,137,0.5556,0.5556,0.5947,0.7153,1.0,0.21,0.21,0.0,-0.58
difficulty,1.5,369,0.5556,0.5556,0.5974,0.7431,1.0,0.38,0.38,0.0,-0.6021
difficulty,1.5,1024,0.5556,0.5556,0.5985,0.7361,1.0,0.17,0.17,0.0,-0.6059
difficulty,1.5,2026,0.5556,0.5556,0.5944,0.7153,1.0,0.285,0.285,0.0,-0.5782
