rule,alpha,seed,H_min,H_mean,H_max,n_distinct_H
volkan,0.5,42,0.5556,0.5965,0.7917,33
volkan,0.5,137,0.5556,0.5952,0.7917,33
volkan,0.5,369,0.5556,0.5974,0.7917,33
volkan,0.5,1024,0.5556,0.5987,0.7917,33
volkan,0.5,2026,0.5556,0.595,0.7917,32
volkan,1.0,42,0.5556,0.6002,0.7917,34
volkan,1.0,137,0.5556,0.5987,0.7917,34
volkan,1.0,369,0.5556,0.6013,0.7917,34
volkan,1.0,1024,0.5556,0.6025,0.7917,34
volkan,1.0,2026,0.5556,0.5986,0.7917,33
volkan,1.5,42,0.5556,0.6041,0.7917,35
volkan,1.5,137,0.5556,0.6024,0.7917,34
volkan,1.5,369,0.5556,0.6049,0.7917,35
volkan,1.5,1024,0.5556,0.6064,0.7917,32
volkan,1.5,2026,0.5556,0.6023,0.7917,34
difficulty,0.5,42,0.5556,0.5911,0.7917,35
difficulty,0.5,137,0.5556,0.5906,0.7917,35
difficulty,0.5,369,0.5556,0.5919,0.7917,34
difficulty,0.5,1024,0.5556,0.5927,0.7917,34
difficulty,0.5,2026,0.5556,0.5901,0.7917,33
difficulty,1.0,42,0.5556,0.5937,0.7917,34
difficulty,1.0,137,0.5556,0.5932,0.7917,32
difficulty,1.0,369,0.5556,0.5945,0.7917,34
difficulty,1.0,1024,0.5556,0.5953,0.7917,34
difficulty,1.0,2026,0.5556,0.5925,0.7917,33
difficulty,1.5,42,0.5556,0.5963,0.7917,34
difficulty,1.5,137,0.5556,0.5957,0.7917,32
difficulty,1.5,369,0.5556,0.5973,0.7917,33
difficulty,1.5,1024,0.5556,0.598,0.7917,33
difficulty,1.5,2026,0.5556,0.5954,0.7917,34
