rule,arm,setting,seed,zpd,zpd_40_60,zpd_60_80,zpd_40_80,zpd_40_70,bored,frustr,mean_p,gain,track
volkan,Saturn,-,42,0.135875,0.130542,0.151042,0.281583,0.200792,0.217917,0.381042,0.486469,-0.0648,1.788166
volkan,Saturn,-,137,0.133667,0.130583,0.148417,0.279,0.197292,0.23875,0.36325,0.502616,0.0172,1.867318
volkan,Saturn,-,369,0.129792,0.125333,0.143042,0.268375,0.192583,0.241208,0.378667,0.495033,-0.0228,1.928003
volkan,Saturn,-,1024,0.129542,0.126875,0.142875,0.26975,0.193708,0.214875,0.395875,0.47521,-0.1394,1.85146
volkan,Saturn,-,2026,0.126458,0.127167,0.144917,0.272083,0.192167,0.255875,0.356958,0.51048,0.049,1.911729
volkan,Factory,-,42,0.221208,0.171083,0.275208,0.446292,0.297167,0.25775,0.139667,0.640694,0.6714,1.343219
volkan,Factory,-,137,0.246333,0.197417,0.259875,0.457292,0.322292,0.29,0.134292,0.645442,0.7004,1.453813
volkan,Factory,-,369,0.15375,0.152708,0.206875,0.359583,0.220417,0.287208,0.185833,0.627852,0.5956,1.590806
volkan,Factory,-,1024,0.222542,0.161958,0.252333,0.414292,0.2875,0.248833,0.186583,0.613551,0.5292,1.427599
volkan,Factory,-,2026,0.142458,0.148,0.203708,0.351708,0.217417,0.350875,0.159333,0.653531,0.7518,1.614029
volkan,CAT_50,K=0.05,42,0.369708,0.409,0.233458,0.642458,0.570917,0.017458,0.14875,0.492614,-0.0394,0.619261
volkan,CAT_50,K=0.05,137,0.276083,0.384167,0.223208,0.607375,0.508167,0.045083,0.144542,0.502845,0.0244,0.712389
volkan,CAT_50,K=0.05,369,0.340792,0.3295,0.271208,0.600708,0.480625,0.029458,0.180333,0.492784,-0.0416,0.767222
volkan,CAT_50,K=0.05,1024,0.33475,0.388708,0.23475,0.623458,0.551167,0.029042,0.18425,0.477633,-0.1256,0.680088
volkan,CAT_50,K=0.05,2026,0.33175,0.299667,0.307167,0.606833,0.484125,0.0415,0.162167,0.513846,0.0684,0.77331
volkan,CAT_50,K=0.1,42,0.43775,0.676,0.143042,0.819042,0.78875,0.004458,0.045083,0.496857,-0.0228,0.364513
volkan,CAT_50,K=0.1,137,0.404542,0.621,0.164375,0.785375,0.738125,0.015167,0.056667,0.501727,0.0204,0.425957
volkan,CAT_50,K=0.1,369,0.426667,0.598458,0.182333,0.780792,0.730875,0.006125,0.083625,0.494813,-0.0282,0.450583
volkan,CAT_50,K=0.1,1024,0.418958,0.668875,0.132917,0.801792,0.773583,0.005125,0.070167,0.488385,-0.0754,0.382416
volkan,CAT_50,K=0.1,2026,0.447667,0.593375,0.200125,0.7935,0.735958,0.011708,0.062708,0.508851,0.049,0.450965
volkan,CAT_50,K=0.3,42,0.473083,0.693167,0.149167,0.842333,0.823917,0.001333,0.023958,0.499701,-0.0014,0.32679
volkan,CAT_50,K=0.3,137,0.464708,0.683875,0.151,0.834875,0.812292,0.003542,0.023375,0.500558,0.0034,0.342494
volkan,CAT_50,K=0.3,369,0.466292,0.674333,0.157417,0.83175,0.804083,0.001875,0.033458,0.499735,-0.0094,0.352502
volkan,CAT_50,K=0.3,1024,0.488583,0.697958,0.149125,0.847083,0.830208,0.001208,0.025208,0.49964,-0.02,0.326888
volkan,CAT_50,K=0.3,2026,0.469625,0.671,0.165875,0.836875,0.812542,0.003042,0.029583,0.503097,0.0158,0.349328
volkan,CAT_50,K=0.6,42,0.433875,0.533583,0.233542,0.767125,0.709125,0.001375,0.061333,0.501735,0.0014,0.44558
volkan,CAT_50,K=0.6,137,0.431708,0.5305,0.22825,0.75875,0.702667,0.002708,0.065375,0.501367,0.0008,0.452031
volkan,CAT_50,K=0.6,369,0.427458,0.521208,0.238375,0.759583,0.697375,0.001833,0.071167,0.500736,-0.0026,0.463859
volkan,CAT_50,K=0.6,1024,0.445875,0.5515,0.227375,0.778875,0.7225,0.001333,0.063083,0.502562,-0.0092,0.441135
volkan,CAT_50,K=0.6,2026,0.431667,0.521542,0.240375,0.761917,0.706292,0.002583,0.071542,0.501607,0.0066,0.460639
volkan,CAT_50,K=1.0,42,0.378458,0.414042,0.260042,0.674083,0.580167,0.008583,0.1255,0.499435,0.0016,0.587309
volkan,CAT_50,K=1.0,137,0.378167,0.429125,0.256208,0.685333,0.591542,0.011333,0.117708,0.501414,-0.0024,0.590982
volkan,CAT_50,K=1.0,369,0.380958,0.413875,0.262208,0.676083,0.577208,0.009417,0.122083,0.502781,-0.0,0.590802
volkan,CAT_50,K=1.0,1024,0.38925,0.420792,0.264333,0.685125,0.593167,0.008375,0.123625,0.500737,-0.0064,0.583102
volkan,CAT_50,K=1.0,2026,0.383333,0.417542,0.265958,0.6835,0.587917,0.008792,0.128917,0.500948,0.003,0.597482
volkan,CAT_70,K=0.05,42,0.253833,0.132792,0.409292,0.542083,0.29675,0.286792,0.002625,0.753016,1.215,1.312743
volkan,CAT_70,K=0.05,137,0.236375,0.114,0.412875,0.526875,0.272833,0.305125,0.016792,0.754288,1.2288,1.414875
volkan,CAT_70,K=0.05,369,0.205958,0.118875,0.349625,0.4685,0.251292,0.328,0.03275,0.740949,1.1404,1.402468
volkan,CAT_70,K=0.05,1024,0.23575,0.140458,0.389917,0.530375,0.288458,0.273292,0.013667,0.736468,1.1118,1.289194
volkan,CAT_70,K=0.05,2026,0.223625,0.128958,0.336542,0.4655,0.267917,0.362833,0.015792,0.75901,1.2538,1.461061
volkan,CAT_70,K=0.1,42,0.222083,0.078417,0.56325,0.641667,0.24175,0.13075,0.001042,0.751346,1.2038,1.197157
volkan,CAT_70,K=0.1,137,0.223583,0.075292,0.557708,0.633,0.244625,0.192917,0.005708,0.753628,1.2298,1.26018
volkan,CAT_70,K=0.1,369,0.200917,0.078208,0.507292,0.5855,0.227,0.184125,0.01175,0.747937,1.1918,1.243622
volkan,CAT_70,K=0.1,1024,0.213917,0.086333,0.564,0.650333,0.239083,0.119542,0.005083,0.744095,1.154,1.182888
volkan,CAT_70,K=0.1,2026,0.198667,0.079125,0.479083,0.558208,0.222375,0.201708,0.006417,0.758739,1.2556,1.291052
volkan,CAT_70,K=0.3,42,0.3405,0.073875,0.747333,0.821208,0.351875,0.041917,0.000375,0.723385,1.0724,1.009053
volkan,CAT_70,K=0.3,137,0.347125,0.078417,0.739,0.817417,0.359125,0.05675,0.001708,0.722174,1.0832,1.016252
volkan,CAT_70,K=0.3,369,0.32625,0.08,0.722583,0.802583,0.342167,0.052417,0.00375,0.721641,1.0768,1.019592
volkan,CAT_70,K=0.3,1024,0.3305,0.0695,0.760167,0.829667,0.342,0.037875,0.00175,0.721994,1.0614,1.006537
volkan,CAT_70,K=0.3,2026,0.331125,0.072375,0.731458,0.803833,0.34375,0.05375,0.002042,0.725062,1.0954,1.030315
volkan,CAT_70,K=0.6,42,0.377333,0.152667,0.613125,0.765792,0.412458,0.088292,0.0005,0.711946,1.0172,0.987382
volkan,CAT_70,K=0.6,137,0.382917,0.159125,0.613833,0.772958,0.419917,0.088625,0.00125,0.709413,1.0208,0.980769
volkan,CAT_70,K=0.6,369,0.373042,0.149333,0.607917,0.75725,0.406167,0.094875,0.002917,0.711679,1.0184,0.996739
volkan,CAT_70,K=0.6,1024,0.379208,0.145583,0.633292,0.778875,0.411958,0.08025,0.001125,0.71083,1.0106,0.979281
volkan,CAT_70,K=0.6,2026,0.377583,0.157292,0.611458,0.76875,0.412667,0.089125,0.001708,0.710416,1.026,0.985206
volkan,CAT_70,K=1.0,42,0.341792,0.192792,0.495,0.687792,0.406458,0.149208,0.004708,0.705854,0.992,1.034191
volkan,CAT_70,K=1.0,137,0.348417,0.197292,0.493875,0.691167,0.413708,0.150333,0.004458,0.704611,0.995,1.029769
volkan,CAT_70,K=1.0,369,0.339458,0.192125,0.488292,0.680417,0.402625,0.155958,0.006625,0.706214,0.9952,1.045746
volkan,CAT_70,K=1.0,1024,0.345417,0.191208,0.50325,0.694458,0.407042,0.144667,0.0045,0.706381,0.99,1.029959
volkan,CAT_70,K=1.0,2026,0.342583,0.189625,0.494375,0.684,0.403958,0.150458,0.006958,0.705843,1.0008,1.041958
volkan,CAT_85,K=0.05,42,0.033792,0.00875,0.10875,0.1175,0.035333,0.790208,0.0,0.899409,1.9146,2.522724
volkan,CAT_85,K=0.05,137,0.037208,0.016208,0.10025,0.116458,0.042417,0.789167,0.001833,0.89685,1.9164,2.594132
volkan,CAT_85,K=0.05,369,0.058542,0.034,0.116375,0.150375,0.070625,0.761625,0.002875,0.885913,1.8412,2.523266
volkan,CAT_85,K=0.05,1024,0.0555,0.0265,0.124208,0.150708,0.062875,0.755292,0.0,0.887852,1.8452,2.445528
volkan,CAT_85,K=0.05,2026,0.041417,0.01825,0.111458,0.129708,0.047625,0.78525,0.002375,0.897991,1.9108,2.639457
volkan,CAT_85,K=0.1,42,0.021375,0.00525,0.082625,0.087875,0.022167,0.825125,0.0,0.901097,1.9194,2.435153
volkan,CAT_85,K=0.1,137,0.022208,0.008417,0.079583,0.088,0.025042,0.82,0.000833,0.900213,1.929,2.492756
volkan,CAT_85,K=0.1,369,0.03575,0.0185,0.087917,0.106417,0.041667,0.808625,0.001125,0.895346,1.887,2.453679
volkan,CAT_85,K=0.1,1024,0.032125,0.014,0.092958,0.106958,0.035375,0.808542,0.0,0.8945,1.8802,2.385797
volkan,CAT_85,K=0.1,2026,0.025792,0.009417,0.080917,0.090333,0.028917,0.828667,0.000875,0.903635,1.9344,2.543185
volkan,CAT_85,K=0.3,42,0.011167,0.00175,0.060875,0.062625,0.011583,0.825833,0.0,0.887224,1.8478,2.16032
volkan,CAT_85,K=0.3,137,0.011417,0.002958,0.058792,0.06175,0.012417,0.804542,0.00025,0.88673,1.8572,2.178704
volkan,CAT_85,K=0.3,369,0.017875,0.007,0.061792,0.068792,0.020042,0.82675,0.0005,0.885754,1.8512,2.165899
volkan,CAT_85,K=0.3,1024,0.014,0.00525,0.058292,0.063542,0.015375,0.821958,0.0,0.886074,1.8316,2.152016
volkan,CAT_85,K=0.3,2026,0.011167,0.003625,0.049792,0.053417,0.012583,0.846208,0.000208,0.891137,1.8678,2.216113
volkan,CAT_85,K=0.6,42,0.018792,0.002125,0.12925,0.131375,0.019083,0.694875,0.0,0.871238,1.7782,2.032085
volkan,CAT_85,K=0.6,137,0.020333,0.003542,0.128,0.131542,0.020875,0.686583,0.000125,0.869856,1.7778,2.02438
volkan,CAT_85,K=0.6,369,0.023333,0.004917,0.131417,0.136333,0.024708,0.689458,0.000333,0.869157,1.7768,2.023413
volkan,CAT_85,K=0.6,1024,0.017792,0.004375,0.1185,0.122875,0.018583,0.702917,0.0,0.871804,1.7694,2.033501
volkan,CAT_85,K=0.6,2026,0.01675,0.003292,0.121333,0.124625,0.017875,0.700833,0.000125,0.872143,1.7856,2.043857
volkan,CAT_85,K=1.0,42,0.047625,0.009833,0.182833,0.192667,0.048958,0.649625,0.0,0.863379,1.738,2.022965
volkan,CAT_85,K=1.0,137,0.051083,0.011125,0.191292,0.202417,0.052625,0.633125,0.000125,0.860691,1.7368,2.003481
volkan,CAT_85,K=1.0,369,0.053375,0.011792,0.190667,0.202458,0.055792,0.640208,0.000292,0.860825,1.7392,2.009222
volkan,CAT_85,K=1.0,1024,0.044292,0.008708,0.178583,0.187292,0.045625,0.652375,0.0,0.864905,1.7328,2.03419
volkan,CAT_85,K=1.0,2026,0.0475,0.009667,0.180458,0.190125,0.048792,0.656042,8.3e-05,0.864842,1.7426,2.043026
volkan,CAT,K=0.05,42,0.253833,0.132792,0.409292,0.542083,0.29675,0.286792,0.002625,0.753016,1.215,1.312743
volkan,CAT,K=0.05,137,0.236375,0.114,0.412875,0.526875,0.272833,0.305125,0.016792,0.754288,1.2288,1.414875
volkan,CAT,K=0.05,369,0.205958,0.118875,0.349625,0.4685,0.251292,0.328,0.03275,0.740949,1.1404,1.402468
volkan,CAT,K=0.05,1024,0.23575,0.140458,0.389917,0.530375,0.288458,0.273292,0.013667,0.736468,1.1118,1.289194
volkan,CAT,K=0.05,2026,0.223625,0.128958,0.336542,0.4655,0.267917,0.362833,0.015792,0.75901,1.2538,1.461061
volkan,CAT,K=0.1,42,0.222083,0.078417,0.56325,0.641667,0.24175,0.13075,0.001042,0.751346,1.2038,1.197157
volkan,CAT,K=0.1,137,0.223583,0.075292,0.557708,0.633,0.244625,0.192917,0.005708,0.753628,1.2298,1.26018
volkan,CAT,K=0.1,369,0.200917,0.078208,0.507292,0.5855,0.227,0.184125,0.01175,0.747937,1.1918,1.243622
volkan,CAT,K=0.1,1024,0.213917,0.086333,0.564,0.650333,0.239083,0.119542,0.005083,0.744095,1.154,1.182888
volkan,CAT,K=0.1,2026,0.198667,0.079125,0.479083,0.558208,0.222375,0.201708,0.006417,0.758739,1.2556,1.291052
volkan,CAT,K=0.3,42,0.3405,0.073875,0.747333,0.821208,0.351875,0.041917,0.000375,0.723385,1.0724,1.009053
volkan,CAT,K=0.3,137,0.347125,0.078417,0.739,0.817417,0.359125,0.05675,0.001708,0.722174,1.0832,1.016252
volkan,CAT,K=0.3,369,0.32625,0.08,0.722583,0.802583,0.342167,0.052417,0.00375,0.721641,1.0768,1.019592
volkan,CAT,K=0.3,1024,0.3305,0.0695,0.760167,0.829667,0.342,0.037875,0.00175,0.721994,1.0614,1.006537
volkan,CAT,K=0.3,2026,0.331125,0.072375,0.731458,0.803833,0.34375,0.05375,0.002042,0.725062,1.0954,1.030315
volkan,CAT,K=0.6,42,0.377333,0.152667,0.613125,0.765792,0.412458,0.088292,0.0005,0.711946,1.0172,0.987382
volkan,CAT,K=0.6,137,0.382917,0.159125,0.613833,0.772958,0.419917,0.088625,0.00125,0.709413,1.0208,0.980769
volkan,CAT,K=0.6,369,0.373042,0.149333,0.607917,0.75725,0.406167,0.094875,0.002917,0.711679,1.0184,0.996739
volkan,CAT,K=0.6,1024,0.379208,0.145583,0.633292,0.778875,0.411958,0.08025,0.001125,0.71083,1.0106,0.979281
volkan,CAT,K=0.6,2026,0.377583,0.157292,0.611458,0.76875,0.412667,0.089125,0.001708,0.710416,1.026,0.985206
volkan,CAT,K=1.0,42,0.341792,0.192792,0.495,0.687792,0.406458,0.149208,0.004708,0.705854,0.992,1.034191
volkan,CAT,K=1.0,137,0.348417,0.197292,0.493875,0.691167,0.413708,0.150333,0.004458,0.704611,0.995,1.029769
volkan,CAT,K=1.0,369,0.339458,0.192125,0.488292,0.680417,0.402625,0.155958,0.006625,0.706214,0.9952,1.045746
volkan,CAT,K=1.0,1024,0.345417,0.191208,0.50325,0.694458,0.407042,0.144667,0.0045,0.706381,0.99,1.029959
volkan,CAT,K=1.0,2026,0.342583,0.189625,0.494375,0.684,0.403958,0.150458,0.006958,0.705843,1.0008,1.041958
volkan,PFP,delta=0.02;beta=2.0,42,0.208917,0.194167,0.217375,0.411542,0.306583,0.109833,0.301708,0.487653,-0.061,1.180156
volkan,PFP,delta=0.02;beta=2.0,137,0.16225,0.215542,0.15725,0.372792,0.291708,0.165167,0.280792,0.49922,0.011,1.287259
volkan,PFP,delta=0.02;beta=2.0,369,0.214167,0.169792,0.212458,0.38225,0.279417,0.145167,0.319333,0.493082,-0.042,1.390117
volkan,PFP,delta=0.02;beta=2.0,1024,0.188833,0.182333,0.216833,0.399167,0.296583,0.1065,0.33,0.467084,-0.1754,1.276243
volkan,PFP,delta=0.02;beta=2.0,2026,0.185458,0.16575,0.212083,0.377833,0.264958,0.16975,0.309292,0.518338,0.091,1.394963
volkan,PFP,delta=0.02;beta=5.0,42,0.232542,0.212792,0.227375,0.440167,0.33775,0.094875,0.285542,0.488485,-0.0588,1.097352
volkan,PFP,delta=0.02;beta=5.0,137,0.171875,0.23025,0.164625,0.394875,0.309542,0.147833,0.262417,0.500646,0.0192,1.205366
volkan,PFP,delta=0.02;beta=5.0,369,0.228333,0.189208,0.221292,0.4105,0.303417,0.127667,0.303417,0.492604,-0.045,1.301073
volkan,PFP,delta=0.02;beta=5.0,1024,0.213625,0.206042,0.222,0.428042,0.323833,0.093917,0.310875,0.468395,-0.1698,1.191439
volkan,PFP,delta=0.02;beta=5.0,2026,0.19975,0.1815,0.226167,0.407667,0.28825,0.1485,0.294833,0.517966,0.0876,1.305731
volkan,PFP,delta=0.02;beta=10.0,42,0.255,0.251583,0.2365,0.488083,0.382042,0.075333,0.253542,0.48981,-0.0456,0.979041
volkan,PFP,delta=0.02;beta=10.0,137,0.199458,0.25975,0.180375,0.440125,0.349708,0.122,0.238792,0.501657,0.0184,1.089925
volkan,PFP,delta=0.02;beta=10.0,369,0.242458,0.217958,0.23425,0.452208,0.341042,0.102,0.278917,0.492234,-0.0492,1.175624
volkan,PFP,delta=0.02;beta=10.0,1024,0.239458,0.245167,0.224083,0.46925,0.365917,0.079,0.286,0.47093,-0.1524,1.072221
volkan,PFP,delta=0.02;beta=10.0,2026,0.223625,0.207167,0.24025,0.447417,0.322917,0.124208,0.267333,0.51642,0.0816,1.177012
volkan,PFP,delta=0.02;beta=20.0,42,0.288042,0.311083,0.234375,0.545458,0.44475,0.051167,0.219792,0.491969,-0.0382,0.833161
volkan,PFP,delta=0.02;beta=20.0,137,0.253042,0.29275,0.210625,0.503375,0.405208,0.085333,0.212833,0.503042,0.0282,0.939199
volkan,PFP,delta=0.02;beta=20.0,369,0.265292,0.270542,0.249833,0.520375,0.403125,0.067833,0.246458,0.491985,-0.0394,0.997203
volkan,PFP,delta=0.02;beta=20.0,1024,0.275292,0.296625,0.223583,0.520208,0.424917,0.053333,0.254083,0.474734,-0.1302,0.910135
volkan,PFP,delta=0.02;beta=20.0,2026,0.259833,0.248667,0.256708,0.505375,0.382542,0.089667,0.228875,0.514206,0.0662,1.002736
volkan,PFP,delta=0.02;beta=40.0,42,0.292083,0.310708,0.250875,0.561583,0.449167,0.041792,0.2065,0.495401,-0.028,0.805043
volkan,PFP,delta=0.02;beta=40.0,137,0.283708,0.2945,0.249792,0.544292,0.431125,0.0645,0.2165,0.503744,0.0194,0.88091
volkan,PFP,delta=0.02;beta=40.0,369,0.280042,0.282875,0.250708,0.533583,0.419458,0.053625,0.2345,0.492088,-0.0424,0.903127
volkan,PFP,delta=0.02;beta=40.0,1024,0.273667,0.296083,0.234875,0.530958,0.423667,0.044042,0.237792,0.481918,-0.1116,0.84868
volkan,PFP,delta=0.02;beta=40.0,2026,0.282667,0.288042,0.255208,0.54325,0.426083,0.0685,0.208083,0.510845,0.0536,0.895589
volkan,PFP,delta=0.05;beta=2.0,42,0.232542,0.212792,0.227375,0.440167,0.33775,0.094875,0.285542,0.488485,-0.0588,1.097352
volkan,PFP,delta=0.05;beta=2.0,137,0.171875,0.23025,0.164625,0.394875,0.309542,0.147833,0.262417,0.500646,0.0192,1.205366
volkan,PFP,delta=0.05;beta=2.0,369,0.228333,0.189208,0.221292,0.4105,0.303417,0.127667,0.303417,0.492604,-0.045,1.301073
volkan,PFP,delta=0.05;beta=2.0,1024,0.213625,0.206042,0.222,0.428042,0.323833,0.093917,0.310875,0.468395,-0.1698,1.191439
volkan,PFP,delta=0.05;beta=2.0,2026,0.19975,0.1815,0.226167,0.407667,0.28825,0.1485,0.294833,0.517966,0.0876,1.305731
volkan,PFP,delta=0.05;beta=5.0,42,0.265542,0.270292,0.236708,0.507,0.401875,0.068458,0.24325,0.490203,-0.0454,0.930608
volkan,PFP,delta=0.05;beta=5.0,137,0.211667,0.274917,0.184875,0.459792,0.367375,0.111792,0.228292,0.502206,0.026,1.042038
volkan,PFP,delta=0.05;beta=5.0,369,0.247833,0.236417,0.237917,0.474333,0.36125,0.091875,0.270042,0.491882,-0.0534,1.121825
volkan,PFP,delta=0.05;beta=5.0,1024,0.252417,0.25875,0.226167,0.484917,0.383667,0.07175,0.276083,0.471832,-0.1466,1.022374
volkan,PFP,delta=0.05;beta=5.0,2026,0.231458,0.217542,0.247,0.464542,0.336833,0.113417,0.257292,0.515728,0.0714,1.125599
volkan,PFP,delta=0.05;beta=10.0,42,0.293958,0.321333,0.239625,0.560958,0.456292,0.045167,0.2085,0.49262,-0.0342,0.798112
volkan,PFP,delta=0.05;beta=10.0,137,0.271583,0.2985,0.227375,0.525875,0.424625,0.075542,0.20725,0.50345,0.0204,0.899389
volkan,PFP,delta=0.05;beta=10.0,369,0.274792,0.283875,0.250042,0.533917,0.416542,0.059875,0.237042,0.491877,-0.0332,0.946845
volkan,PFP,delta=0.05;beta=10.0,1024,0.28,0.307375,0.224375,0.53175,0.434458,0.046083,0.245583,0.476285,-0.1266,0.867383
volkan,PFP,delta=0.05;beta=10.0,2026,0.270167,0.269417,0.258083,0.5275,0.406458,0.080125,0.215833,0.513511,0.0626,0.949051
volkan,PFP,delta=0.05;beta=20.0,42,0.276958,0.284458,0.249917,0.534375,0.415875,0.053542,0.228458,0.496589,-0.0264,0.871717
volkan,PFP,delta=0.05;beta=20.0,137,0.271542,0.268833,0.2535,0.522333,0.403792,0.069167,0.232833,0.50397,0.0172,0.926929
volkan,PFP,delta=0.05;beta=20.0,369,0.259083,0.263708,0.249625,0.513333,0.394333,0.062583,0.249,0.493111,-0.0402,0.94026
volkan,PFP,delta=0.05;beta=20.0,1024,0.259333,0.270833,0.241417,0.51225,0.397208,0.051458,0.24575,0.485369,-0.0984,0.897201
volkan,PFP,delta=0.05;beta=20.0,2026,0.269208,0.27375,0.250125,0.523875,0.405458,0.074458,0.221375,0.509887,0.0426,0.93448
volkan,PFP,delta=0.05;beta=40.0,42,0.149375,0.131125,0.194208,0.325333,0.213208,0.167083,0.356,0.498372,-0.013,1.419129
volkan,PFP,delta=0.05;beta=40.0,137,0.158583,0.131792,0.1995,0.331292,0.221583,0.173583,0.35125,0.501391,0.0162,1.433185
volkan,PFP,delta=0.05;beta=40.0,369,0.1525,0.137583,0.189625,0.327208,0.224667,0.173542,0.353542,0.496276,-0.025,1.432388
volkan,PFP,delta=0.05;beta=40.0,1024,0.147208,0.129917,0.202625,0.332542,0.213083,0.163583,0.355958,0.494472,-0.0568,1.424773
volkan,PFP,delta=0.05;beta=40.0,2026,0.155833,0.144833,0.183625,0.328458,0.227208,0.182,0.337458,0.50694,0.0178,1.420622
volkan,PFP,delta=0.1;beta=2.0,42,0.255,0.251583,0.2365,0.488083,0.382042,0.075333,0.253542,0.48981,-0.0456,0.979041
volkan,PFP,delta=0.1;beta=2.0,137,0.199458,0.25975,0.180375,0.440125,0.349708,0.122,0.238792,0.501657,0.0184,1.089925
volkan,PFP,delta=0.1;beta=2.0,369,0.242458,0.217958,0.23425,0.452208,0.341042,0.102,0.278917,0.492234,-0.0492,1.175624
volkan,PFP,delta=0.1;beta=2.0,1024,0.239458,0.245167,0.224083,0.46925,0.365917,0.079,0.286,0.47093,-0.1524,1.072221
volkan,PFP,delta=0.1;beta=2.0,2026,0.223625,0.207167,0.24025,0.447417,0.322917,0.124208,0.267333,0.51642,0.0816,1.177012
volkan,PFP,delta=0.1;beta=5.0,42,0.293958,0.321333,0.239625,0.560958,0.456292,0.045167,0.2085,0.49262,-0.0342,0.798112
volkan,PFP,delta=0.1;beta=5.0,137,0.271583,0.2985,0.227375,0.525875,0.424625,0.075542,0.20725,0.50345,0.0204,0.899389
volkan,PFP,delta=0.1;beta=5.0,369,0.274792,0.283875,0.250042,0.533917,0.416542,0.059875,0.237042,0.491877,-0.0332,0.946845
volkan,PFP,delta=0.1;beta=5.0,1024,0.28,0.307375,0.224375,0.53175,0.434458,0.046083,0.245583,0.476285,-0.1266,0.867383
volkan,PFP,delta=0.1;beta=5.0,2026,0.270167,0.269417,0.258083,0.5275,0.406458,0.080125,0.215833,0.513511,0.0626,0.949051
volkan,PFP,delta=0.1;beta=10.0,42,0.276958,0.284458,0.249917,0.534375,0.415875,0.053542,0.228458,0.496589,-0.0264,0.871717
volkan,PFP,delta=0.1;beta=10.0,137,0.271542,0.268833,0.2535,0.522333,0.403792,0.069167,0.232833,0.50397,0.0172,0.926929
volkan,PFP,delta=0.1;beta=10.0,369,0.259083,0.263708,0.249625,0.513333,0.394333,0.062583,0.249,0.493111,-0.0402,0.94026
volkan,PFP,delta=0.1;beta=10.0,1024,0.259333,0.270833,0.241417,0.51225,0.397208,0.051458,0.24575,0.485369,-0.0984,0.897201
volkan,PFP,delta=0.1;beta=10.0,2026,0.269208,0.27375,0.250125,0.523875,0.405458,0.074458,0.221375,0.509887,0.0426,0.93448
volkan,PFP,delta=0.1;beta=20.0,42,0.149375,0.131125,0.194208,0.325333,0.213208,0.167083,0.356,0.498372,-0.013,1.419129
volkan,PFP,delta=0.1;beta=20.0,137,0.158583,0.131792,0.1995,0.331292,0.221583,0.173583,0.35125,0.501391,0.0162,1.433185
volkan,PFP,delta=0.1;beta=20.0,369,0.1525,0.137583,0.189625,0.327208,0.224667,0.173542,0.353542,0.496276,-0.025,1.432388
volkan,PFP,delta=0.1;beta=20.0,1024,0.147208,0.129917,0.202625,0.332542,0.213083,0.163583,0.355958,0.494472,-0.0568,1.424773
volkan,PFP,delta=0.1;beta=20.0,2026,0.155833,0.144833,0.183625,0.328458,0.227208,0.182,0.337458,0.50694,0.0178,1.420622
volkan,PFP,delta=0.1;beta=40.0,42,0.019833,0.013625,0.052667,0.066292,0.027042,0.3915,0.479583,0.497452,0.0008,2.655167
volkan,PFP,delta=0.1;beta=40.0,137,0.028458,0.02225,0.051042,0.073292,0.0395,0.39725,0.470333,0.499984,0.0084,2.648606
volkan,PFP,delta=0.1;beta=40.0,369,0.033833,0.026375,0.060042,0.086417,0.046708,0.392667,0.471958,0.49878,-0.0124,2.647158
volkan,PFP,delta=0.1;beta=40.0,1024,0.030667,0.018625,0.064167,0.082792,0.039875,0.384583,0.475625,0.496124,-0.0178,2.647383
volkan,PFP,delta=0.1;beta=40.0,2026,0.025917,0.020208,0.050958,0.071167,0.036208,0.391625,0.473667,0.503022,0.0082,2.645623
difficulty,Saturn,-,42,0.139083,0.134333,0.161458,0.295792,0.206875,0.232542,0.343125,0.515382,0.349593,1.637727
difficulty,Saturn,-,137,0.144292,0.13675,0.158792,0.295542,0.211208,0.2515,0.327958,0.527941,0.345909,1.688212
difficulty,Saturn,-,369,0.13725,0.131375,0.156292,0.287667,0.202833,0.246333,0.340625,0.519623,0.339823,1.711334
difficulty,Saturn,-,1024,0.139333,0.135333,0.157125,0.292458,0.20825,0.227167,0.355167,0.50539,0.337575,1.663793
difficulty,Saturn,-,2026,0.136542,0.133792,0.155625,0.289417,0.204625,0.259333,0.322167,0.532482,0.338181,1.711168
difficulty,Factory,-,42,0.370958,0.283875,0.42325,0.707125,0.488375,0.090708,0.039417,0.628227,0.487999,0.843964
difficulty,Factory,-,137,0.388292,0.295333,0.368833,0.664167,0.498583,0.139,0.056458,0.633652,0.467585,0.946458
difficulty,Factory,-,369,0.317792,0.2435,0.373958,0.617458,0.412333,0.125583,0.1075,0.617902,0.453752,1.006119
difficulty,Factory,-,1024,0.362875,0.270167,0.399083,0.66925,0.464417,0.087458,0.099083,0.60741,0.472912,0.888613
difficulty,Factory,-,2026,0.291125,0.2525,0.357333,0.609833,0.409083,0.150833,0.067792,0.640197,0.455371,1.020047
difficulty,CAT_50,K=0.05,42,0.605833,0.567042,0.290625,0.857667,0.807625,0.005583,0.040458,0.539427,0.558898,0.428017
difficulty,CAT_50,K=0.05,137,0.5445,0.562875,0.269667,0.832542,0.752167,0.019375,0.051208,0.544125,0.552948,0.491967
difficulty,CAT_50,K=0.05,369,0.560583,0.4925,0.323542,0.816042,0.734375,0.008167,0.079042,0.535397,0.542585,0.527849
difficulty,CAT_50,K=0.05,1024,0.588792,0.555083,0.276667,0.83175,0.781083,0.007167,0.065375,0.529237,0.547401,0.453721
difficulty,CAT_50,K=0.05,2026,0.551208,0.472708,0.35525,0.827958,0.733792,0.015375,0.056792,0.550842,0.545503,0.530829
difficulty,CAT_50,K=0.1,42,0.649667,0.710458,0.196167,0.906625,0.884125,0.002958,0.024333,0.530765,0.572205,0.327205
difficulty,CAT_50,K=0.1,137,0.615792,0.68675,0.200958,0.887708,0.850917,0.009833,0.030333,0.532798,0.57024,0.365334
difficulty,CAT_50,K=0.1,369,0.611167,0.668208,0.221042,0.88925,0.848875,0.004583,0.044833,0.528773,0.563769,0.383331
difficulty,CAT_50,K=0.1,1024,0.650667,0.715917,0.181083,0.897,0.873208,0.003375,0.037042,0.526128,0.564112,0.331399
difficulty,CAT_50,K=0.1,2026,0.631625,0.66475,0.230792,0.895542,0.852375,0.007167,0.032875,0.537447,0.56785,0.377058
difficulty,CAT_50,K=0.3,42,0.529042,0.672833,0.19425,0.867083,0.836625,0.001083,0.019167,0.51518,0.572799,0.340105
difficulty,CAT_50,K=0.3,137,0.516583,0.666167,0.193458,0.859625,0.831083,0.003417,0.019792,0.513643,0.573692,0.348317
difficulty,CAT_50,K=0.3,369,0.516542,0.650417,0.207833,0.85825,0.820625,0.00175,0.028417,0.514194,0.569678,0.363728
difficulty,CAT_50,K=0.3,1024,0.535458,0.67375,0.195292,0.869042,0.842708,0.001125,0.020625,0.514242,0.568294,0.338459
difficulty,CAT_50,K=0.3,2026,0.522292,0.656,0.208792,0.864792,0.831167,0.00275,0.024167,0.516541,0.572247,0.35603
difficulty,CAT_50,K=0.6,42,0.440625,0.526125,0.242875,0.769,0.70125,0.00225,0.058917,0.507724,0.557042,0.456376
difficulty,CAT_50,K=0.6,137,0.439458,0.519375,0.245792,0.765167,0.700292,0.003333,0.060417,0.507179,0.556698,0.460449
difficulty,CAT_50,K=0.6,369,0.440958,0.517833,0.250208,0.768042,0.695083,0.002417,0.06525,0.508247,0.554366,0.46829
difficulty,CAT_50,K=0.6,1024,0.454875,0.528583,0.250167,0.77875,0.710667,0.002042,0.05875,0.510335,0.550881,0.453797
difficulty,CAT_50,K=0.6,2026,0.444083,0.517625,0.247958,0.765583,0.698042,0.002958,0.06325,0.507625,0.557463,0.465244
difficulty,CAT_50,K=1.0,42,0.369833,0.411083,0.263958,0.675042,0.574583,0.011375,0.1255,0.502463,0.536164,0.598669
difficulty,CAT_50,K=1.0,137,0.375375,0.41225,0.270833,0.683083,0.5815,0.01075,0.119583,0.50517,0.531153,0.596192
difficulty,CAT_50,K=1.0,369,0.374667,0.407167,0.273,0.680167,0.576792,0.011542,0.12575,0.504408,0.532419,0.606317
difficulty,CAT_50,K=1.0,1024,0.3835,0.413083,0.273792,0.686875,0.587,0.011583,0.120708,0.505881,0.529742,0.59651
difficulty,CAT_50,K=1.0,2026,0.374292,0.400875,0.27625,0.677125,0.572042,0.011083,0.132667,0.504098,0.53416,0.614139
difficulty,CAT_70,K=0.05,42,0.320667,0.102792,0.675917,0.778708,0.345833,0.071917,0.001292,0.722704,0.453816,1.03944
difficulty,CAT_70,K=0.05,137,0.304208,0.101792,0.629667,0.731458,0.331375,0.131792,0.007417,0.725093,0.446589,1.102544
difficulty,CAT_70,K=0.05,369,0.276458,0.104792,0.601083,0.705875,0.308083,0.108458,0.015458,0.717475,0.443305,1.087435
difficulty,CAT_70,K=0.05,1024,0.299625,0.113958,0.669667,0.783625,0.334042,0.077375,0.007083,0.713546,0.45344,1.024892
difficulty,CAT_70,K=0.05,2026,0.282542,0.1055,0.58375,0.68925,0.314,0.141,0.008375,0.729981,0.437146,1.13308
difficulty,CAT_70,K=0.1,42,0.318792,0.071458,0.795208,0.866667,0.334375,0.038833,0.000708,0.71987,0.465793,0.996074
difficulty,CAT_70,K=0.1,137,0.318667,0.074042,0.738833,0.812875,0.336375,0.071292,0.004375,0.722025,0.460777,1.037261
difficulty,CAT_70,K=0.1,369,0.297917,0.072417,0.743917,0.816333,0.31875,0.055292,0.008917,0.717687,0.459932,1.026394
difficulty,CAT_70,K=0.1,1024,0.30175,0.07525,0.789083,0.864333,0.3205,0.038,0.00375,0.715621,0.463833,0.99053
difficulty,CAT_70,K=0.1,2026,0.285958,0.073458,0.727042,0.8005,0.304167,0.076542,0.004917,0.726375,0.4544,1.060539
difficulty,CAT_70,K=0.3,42,0.39725,0.101542,0.757083,0.858625,0.411917,0.032375,0.000333,0.710402,0.474776,0.943311
difficulty,CAT_70,K=0.3,137,0.415667,0.109292,0.743583,0.852875,0.431,0.045542,0.001667,0.708125,0.47843,0.943745
difficulty,CAT_70,K=0.3,369,0.403875,0.106375,0.735375,0.84175,0.421375,0.040208,0.003458,0.707217,0.477887,0.9447
difficulty,CAT_70,K=0.3,1024,0.402833,0.094125,0.770417,0.864542,0.416458,0.02975,0.001583,0.708721,0.474885,0.938997
difficulty,CAT_70,K=0.3,2026,0.410583,0.0995,0.744375,0.843875,0.425167,0.040292,0.001875,0.709851,0.476622,0.95121
difficulty,CAT_70,K=0.6,42,0.393583,0.169875,0.599958,0.769833,0.433167,0.087,0.000708,0.706038,0.467236,0.964339
difficulty,CAT_70,K=0.6,137,0.397375,0.1775,0.603833,0.781333,0.441375,0.082542,0.001417,0.702766,0.471835,0.952468
difficulty,CAT_70,K=0.6,369,0.393583,0.171375,0.59975,0.771125,0.436333,0.088208,0.002792,0.702879,0.470838,0.960297
difficulty,CAT_70,K=0.6,1024,0.398708,0.16575,0.618917,0.784667,0.437542,0.07625,0.00125,0.704113,0.468405,0.951616
difficulty,CAT_70,K=0.6,2026,0.399583,0.177792,0.6015,0.779292,0.443833,0.081542,0.001833,0.701894,0.474232,0.949352
difficulty,CAT_70,K=1.0,42,0.345875,0.200958,0.487292,0.68825,0.413583,0.151583,0.004958,0.703596,0.451724,1.029036
difficulty,CAT_70,K=1.0,137,0.350167,0.203875,0.488875,0.69275,0.419333,0.146875,0.005375,0.700368,0.456491,1.018261
difficulty,CAT_70,K=1.0,369,0.344833,0.197042,0.487333,0.684375,0.411292,0.151417,0.008417,0.701353,0.454818,1.031462
difficulty,CAT_70,K=1.0,1024,0.350167,0.199833,0.492083,0.691917,0.416708,0.146708,0.005125,0.702074,0.45277,1.02076
difficulty,CAT_70,K=1.0,2026,0.345458,0.201667,0.487417,0.689083,0.415417,0.14775,0.006833,0.700265,0.457739,1.023561
difficulty,CAT_85,K=0.05,42,0.036125,0.007917,0.187333,0.19525,0.037542,0.568042,0.0,0.852307,0.28857,1.879778
difficulty,CAT_85,K=0.05,137,0.040458,0.013333,0.185042,0.198375,0.044208,0.571458,0.001167,0.852057,0.285632,1.937906
difficulty,CAT_85,K=0.05,369,0.058458,0.028958,0.187292,0.21625,0.067583,0.591208,0.001625,0.845702,0.288214,1.893923
difficulty,CAT_85,K=0.05,1024,0.058417,0.0205,0.20075,0.22125,0.063458,0.548292,0.0,0.84412,0.295849,1.833119
difficulty,CAT_85,K=0.05,2026,0.045625,0.015167,0.183208,0.198375,0.05025,0.603542,0.001375,0.855649,0.276377,1.974128
difficulty,CAT_85,K=0.1,42,0.022958,0.005,0.140875,0.145875,0.023667,0.596875,0.0,0.855765,0.28638,1.874022
difficulty,CAT_85,K=0.1,137,0.024583,0.007417,0.145958,0.153375,0.027167,0.588083,0.000708,0.856384,0.282875,1.921398
difficulty,CAT_85,K=0.1,369,0.03725,0.017708,0.136125,0.153833,0.042542,0.626625,0.000917,0.853464,0.283151,1.895156
difficulty,CAT_85,K=0.1,1024,0.034542,0.012958,0.150833,0.163792,0.037333,0.597,0.0,0.850692,0.290864,1.841866
difficulty,CAT_85,K=0.1,2026,0.028417,0.009,0.134625,0.143625,0.031417,0.636292,0.000708,0.860044,0.275048,1.95184
difficulty,CAT_85,K=0.3,42,0.015458,0.002083,0.140542,0.142625,0.015875,0.602375,0.0,0.855961,0.287016,1.858132
difficulty,CAT_85,K=0.3,137,0.016417,0.003292,0.148167,0.151458,0.017375,0.589958,0.00025,0.855441,0.287647,1.870404
difficulty,CAT_85,K=0.3,369,0.022833,0.007542,0.1455,0.153042,0.025083,0.613917,0.0005,0.853879,0.28914,1.856305
difficulty,CAT_85,K=0.3,1024,0.016667,0.005458,0.141625,0.147083,0.018042,0.592875,0.0,0.853942,0.289093,1.841527
difficulty,CAT_85,K=0.3,2026,0.015583,0.003583,0.134958,0.138542,0.016958,0.61025,0.000208,0.857064,0.284811,1.879149
difficulty,CAT_85,K=0.6,42,0.036083,0.00375,0.202208,0.205958,0.036375,0.587875,0.0,0.852903,0.288737,1.871683
difficulty,CAT_85,K=0.6,137,0.036667,0.005375,0.207333,0.212708,0.037292,0.575583,0.000125,0.851427,0.291103,1.867391
difficulty,CAT_85,K=0.6,369,0.039708,0.007667,0.1965,0.204167,0.041417,0.588833,0.000375,0.851678,0.289846,1.870255
difficulty,CAT_85,K=0.6,1024,0.033417,0.005625,0.198542,0.204167,0.034292,0.587333,0.0,0.85256,0.287971,1.866529
difficulty,CAT_85,K=0.6,2026,0.03625,0.004958,0.200375,0.205333,0.037333,0.580458,0.000125,0.852367,0.289432,1.875096
difficulty,CAT_85,K=1.0,42,0.068125,0.016833,0.221292,0.238125,0.070833,0.592667,0.0,0.850907,0.285094,1.922918
difficulty,CAT_85,K=1.0,137,0.06475,0.01625,0.220542,0.236792,0.067375,0.589167,0.000125,0.851621,0.283178,1.931467
difficulty,CAT_85,K=1.0,369,0.071,0.0185,0.223708,0.242208,0.074417,0.589708,0.000292,0.849506,0.287033,1.914624
difficulty,CAT_85,K=1.0,1024,0.067292,0.015708,0.2285,0.244208,0.069625,0.585083,0.0,0.85041,0.285168,1.915955
difficulty,CAT_85,K=1.0,2026,0.070542,0.016958,0.225375,0.242333,0.073125,0.590125,8.3e-05,0.850734,0.285434,1.929483
difficulty,CAT,K=0.05,42,0.320667,0.102792,0.675917,0.778708,0.345833,0.071917,0.001292,0.722704,0.453816,1.03944
difficulty,CAT,K=0.05,137,0.304208,0.101792,0.629667,0.731458,0.331375,0.131792,0.007417,0.725093,0.446589,1.102544
difficulty,CAT,K=0.05,369,0.276458,0.104792,0.601083,0.705875,0.308083,0.108458,0.015458,0.717475,0.443305,1.087435
difficulty,CAT,K=0.05,1024,0.299625,0.113958,0.669667,0.783625,0.334042,0.077375,0.007083,0.713546,0.45344,1.024892
difficulty,CAT,K=0.05,2026,0.282542,0.1055,0.58375,0.68925,0.314,0.141,0.008375,0.729981,0.437146,1.13308
difficulty,CAT,K=0.1,42,0.318792,0.071458,0.795208,0.866667,0.334375,0.038833,0.000708,0.71987,0.465793,0.996074
difficulty,CAT,K=0.1,137,0.318667,0.074042,0.738833,0.812875,0.336375,0.071292,0.004375,0.722025,0.460777,1.037261
difficulty,CAT,K=0.1,369,0.297917,0.072417,0.743917,0.816333,0.31875,0.055292,0.008917,0.717687,0.459932,1.026394
difficulty,CAT,K=0.1,1024,0.30175,0.07525,0.789083,0.864333,0.3205,0.038,0.00375,0.715621,0.463833,0.99053
difficulty,CAT,K=0.1,2026,0.285958,0.073458,0.727042,0.8005,0.304167,0.076542,0.004917,0.726375,0.4544,1.060539
difficulty,CAT,K=0.3,42,0.39725,0.101542,0.757083,0.858625,0.411917,0.032375,0.000333,0.710402,0.474776,0.943311
difficulty,CAT,K=0.3,137,0.415667,0.109292,0.743583,0.852875,0.431,0.045542,0.001667,0.708125,0.47843,0.943745
difficulty,CAT,K=0.3,369,0.403875,0.106375,0.735375,0.84175,0.421375,0.040208,0.003458,0.707217,0.477887,0.9447
difficulty,CAT,K=0.3,1024,0.402833,0.094125,0.770417,0.864542,0.416458,0.02975,0.001583,0.708721,0.474885,0.938997
difficulty,CAT,K=0.3,2026,0.410583,0.0995,0.744375,0.843875,0.425167,0.040292,0.001875,0.709851,0.476622,0.95121
difficulty,CAT,K=0.6,42,0.393583,0.169875,0.599958,0.769833,0.433167,0.087,0.000708,0.706038,0.467236,0.964339
difficulty,CAT,K=0.6,137,0.397375,0.1775,0.603833,0.781333,0.441375,0.082542,0.001417,0.702766,0.471835,0.952468
difficulty,CAT,K=0.6,369,0.393583,0.171375,0.59975,0.771125,0.436333,0.088208,0.002792,0.702879,0.470838,0.960297
difficulty,CAT,K=0.6,1024,0.398708,0.16575,0.618917,0.784667,0.437542,0.07625,0.00125,0.704113,0.468405,0.951616
difficulty,CAT,K=0.6,2026,0.399583,0.177792,0.6015,0.779292,0.443833,0.081542,0.001833,0.701894,0.474232,0.949352
difficulty,CAT,K=1.0,42,0.345875,0.200958,0.487292,0.68825,0.413583,0.151583,0.004958,0.703596,0.451724,1.029036
difficulty,CAT,K=1.0,137,0.350167,0.203875,0.488875,0.69275,0.419333,0.146875,0.005375,0.700368,0.456491,1.018261
difficulty,CAT,K=1.0,369,0.344833,0.197042,0.487333,0.684375,0.411292,0.151417,0.008417,0.701353,0.454818,1.031462
difficulty,CAT,K=1.0,1024,0.350167,0.199833,0.492083,0.691917,0.416708,0.146708,0.005125,0.702074,0.45277,1.02076
difficulty,CAT,K=1.0,2026,0.345458,0.201667,0.487417,0.689083,0.415417,0.14775,0.006833,0.700265,0.457739,1.023561
difficulty,PFP,delta=0.02;beta=2.0,42,0.372958,0.33225,0.345583,0.677833,0.52925,0.03675,0.112583,0.546483,0.512918,0.709714
difficulty,PFP,delta=0.02;beta=2.0,137,0.33575,0.367333,0.285167,0.6525,0.504667,0.076125,0.110458,0.555354,0.494703,0.799689
difficulty,PFP,delta=0.02;beta=2.0,369,0.323625,0.281667,0.346208,0.627875,0.465708,0.049333,0.162375,0.541442,0.476825,0.879998
difficulty,PFP,delta=0.02;beta=2.0,1024,0.355083,0.327958,0.326458,0.654417,0.510875,0.038875,0.159375,0.527216,0.490144,0.772762
difficulty,PFP,delta=0.02;beta=2.0,2026,0.302792,0.261708,0.340625,0.602333,0.431,0.066958,0.126125,0.563967,0.483553,0.882678
difficulty,PFP,delta=0.02;beta=5.0,42,0.392042,0.349625,0.342,0.691625,0.553667,0.029667,0.102208,0.545211,0.520139,0.674558
difficulty,PFP,delta=0.02;beta=5.0,137,0.348208,0.378583,0.289292,0.667875,0.523042,0.0665,0.1,0.553626,0.50107,0.763995
difficulty,PFP,delta=0.02;beta=5.0,369,0.339458,0.302375,0.350667,0.653042,0.488375,0.044542,0.153208,0.539922,0.486223,0.83513
difficulty,PFP,delta=0.02;beta=5.0,1024,0.370625,0.343167,0.326875,0.670042,0.534125,0.037042,0.150167,0.526805,0.499144,0.733852
difficulty,PFP,delta=0.02;beta=5.0,2026,0.321708,0.2795,0.348292,0.627792,0.456917,0.058917,0.118833,0.561855,0.491563,0.839445
difficulty,PFP,delta=0.02;beta=10.0,42,0.41,0.378583,0.334792,0.713375,0.584125,0.024417,0.087792,0.542584,0.526525,0.634616
difficulty,PFP,delta=0.02;beta=10.0,137,0.361583,0.384375,0.297875,0.68225,0.547208,0.054458,0.091583,0.550753,0.5109,0.721658
difficulty,PFP,delta=0.02;beta=10.0,369,0.359208,0.326042,0.346333,0.672375,0.513208,0.034917,0.1415,0.537312,0.497261,0.777539
difficulty,PFP,delta=0.02;beta=10.0,1024,0.386875,0.368625,0.319583,0.688208,0.561542,0.032958,0.140625,0.525469,0.510497,0.686448
difficulty,PFP,delta=0.02;beta=10.0,2026,0.345333,0.307667,0.355667,0.663333,0.4935,0.050958,0.109042,0.558095,0.501905,0.783437
difficulty,PFP,delta=0.02;beta=20.0,42,0.402667,0.404458,0.31675,0.721208,0.592792,0.020667,0.087458,0.537286,0.530336,0.613314
difficulty,PFP,delta=0.02;beta=20.0,137,0.377083,0.378042,0.311083,0.689125,0.5595,0.042833,0.096708,0.54463,0.516189,0.694615
difficulty,PFP,delta=0.02;beta=20.0,369,0.372875,0.352625,0.324167,0.676792,0.534583,0.027375,0.136917,0.531702,0.510609,0.723428
difficulty,PFP,delta=0.02;beta=20.0,1024,0.390708,0.382542,0.297667,0.680208,0.564958,0.019833,0.12675,0.522789,0.516394,0.650214
difficulty,PFP,delta=0.02;beta=20.0,2026,0.367917,0.341958,0.335958,0.677917,0.526458,0.043083,0.109833,0.550859,0.510961,0.728324
difficulty,PFP,delta=0.02;beta=40.0,42,0.334792,0.331875,0.298708,0.630583,0.495208,0.037583,0.14475,0.527497,0.505922,0.73513
difficulty,PFP,delta=0.02;beta=40.0,137,0.321708,0.314333,0.297083,0.611417,0.473667,0.053,0.153583,0.533519,0.498876,0.788036
difficulty,PFP,delta=0.02;beta=40.0,369,0.316375,0.31075,0.289375,0.600125,0.466625,0.04525,0.163625,0.52281,0.498264,0.789936
difficulty,PFP,delta=0.02;beta=40.0,1024,0.313708,0.326542,0.284667,0.611208,0.479417,0.036875,0.159125,0.516984,0.50026,0.749884
difficulty,PFP,delta=0.02;beta=40.0,2026,0.326583,0.319542,0.299375,0.618917,0.480792,0.05375,0.145167,0.538099,0.497673,0.788596
difficulty,PFP,delta=0.05;beta=2.0,42,0.392042,0.349625,0.342,0.691625,0.553667,0.029667,0.102208,0.545211,0.520139,0.674558
difficulty,PFP,delta=0.05;beta=2.0,137,0.348208,0.378583,0.289292,0.667875,0.523042,0.0665,0.1,0.553626,0.50107,0.763995
difficulty,PFP,delta=0.05;beta=2.0,369,0.339458,0.302375,0.350667,0.653042,0.488375,0.044542,0.153208,0.539922,0.486223,0.83513
difficulty,PFP,delta=0.05;beta=2.0,1024,0.370625,0.343167,0.326875,0.670042,0.534125,0.037042,0.150167,0.526805,0.499144,0.733852
difficulty,PFP,delta=0.05;beta=2.0,2026,0.321708,0.2795,0.348292,0.627792,0.456917,0.058917,0.118833,0.561855,0.491563,0.839445
difficulty,PFP,delta=0.05;beta=5.0,42,0.4115,0.390417,0.330083,0.7205,0.5925,0.021708,0.085333,0.541196,0.529068,0.622327
difficulty,PFP,delta=0.05;beta=5.0,137,0.365458,0.384875,0.304125,0.689,0.554042,0.049083,0.091083,0.549169,0.51297,0.70864
difficulty,PFP,delta=0.05;beta=5.0,369,0.365833,0.335,0.34075,0.67575,0.520667,0.031708,0.13975,0.535875,0.503617,0.757678
difficulty,PFP,delta=0.05;beta=5.0,1024,0.390917,0.374625,0.313583,0.688208,0.567042,0.028042,0.135458,0.524874,0.512485,0.670421
difficulty,PFP,delta=0.05;beta=5.0,2026,0.350625,0.322042,0.350833,0.672875,0.505333,0.047625,0.10775,0.556361,0.504671,0.763065
difficulty,PFP,delta=0.05;beta=10.0,42,0.390375,0.396333,0.314417,0.71075,0.58,0.02325,0.095625,0.534656,0.526811,0.627322
difficulty,PFP,delta=0.05;beta=10.0,137,0.37025,0.365083,0.311875,0.676958,0.543167,0.044667,0.105042,0.541974,0.513104,0.702679
difficulty,PFP,delta=0.05;beta=10.0,369,0.368542,0.345708,0.317208,0.662917,0.526292,0.029875,0.137625,0.529395,0.509862,0.723805
difficulty,PFP,delta=0.05;beta=10.0,1024,0.372625,0.377208,0.294333,0.671542,0.550208,0.020542,0.127292,0.521356,0.515163,0.657814
difficulty,PFP,delta=0.05;beta=10.0,2026,0.367917,0.344,0.325708,0.669708,0.528292,0.041542,0.113417,0.546984,0.512998,0.725078
difficulty,PFP,delta=0.05;beta=20.0,42,0.289875,0.282917,0.284417,0.567333,0.427708,0.057333,0.18675,0.523508,0.487635,0.837801
difficulty,PFP,delta=0.05;beta=20.0,137,0.283708,0.271375,0.282708,0.554083,0.416208,0.067625,0.1875,0.528541,0.482119,0.874191
difficulty,PFP,delta=0.05;beta=20.0,369,0.279833,0.273,0.273167,0.546167,0.414125,0.064167,0.194083,0.52021,0.480203,0.874715
difficulty,PFP,delta=0.05;beta=20.0,1024,0.279875,0.282417,0.275292,0.557708,0.421542,0.053833,0.19575,0.51484,0.480592,0.845172
difficulty,PFP,delta=0.05;beta=20.0,2026,0.283125,0.28825,0.279708,0.567958,0.428667,0.072458,0.178458,0.533598,0.479964,0.87308
difficulty,PFP,delta=0.05;beta=40.0,42,0.135125,0.116875,0.194958,0.311833,0.1945,0.184708,0.347375,0.510356,0.377046,1.427347
difficulty,PFP,delta=0.05;beta=40.0,137,0.140625,0.120583,0.198417,0.319,0.20175,0.18775,0.344292,0.513912,0.377827,1.436239
difficulty,PFP,delta=0.05;beta=40.0,369,0.133542,0.131542,0.184458,0.316,0.204292,0.187792,0.34025,0.509894,0.377012,1.434195
difficulty,PFP,delta=0.05;beta=40.0,1024,0.135625,0.121167,0.194833,0.316,0.197583,0.178958,0.345,0.507487,0.370929,1.426696
difficulty,PFP,delta=0.05;beta=40.0,2026,0.140833,0.134583,0.18125,0.315833,0.210583,0.196417,0.3295,0.519142,0.371427,1.422578
difficulty,PFP,delta=0.1;beta=2.0,42,0.41,0.378583,0.334792,0.713375,0.584125,0.024417,0.087792,0.542584,0.526525,0.634616
difficulty,PFP,delta=0.1;beta=2.0,137,0.361583,0.384375,0.297875,0.68225,0.547208,0.054458,0.091583,0.550753,0.5109,0.721658
difficulty,PFP,delta=0.1;beta=2.0,369,0.359208,0.326042,0.346333,0.672375,0.513208,0.034917,0.1415,0.537312,0.497261,0.777539
difficulty,PFP,delta=0.1;beta=2.0,1024,0.386875,0.368625,0.319583,0.688208,0.561542,0.032958,0.140625,0.525469,0.510497,0.686448
difficulty,PFP,delta=0.1;beta=2.0,2026,0.345333,0.307667,0.355667,0.663333,0.4935,0.050958,0.109042,0.558095,0.501905,0.783437
difficulty,PFP,delta=0.1;beta=5.0,42,0.390375,0.396333,0.314417,0.71075,0.58,0.02325,0.095625,0.534656,0.526811,0.627322
difficulty,PFP,delta=0.1;beta=5.0,137,0.37025,0.365083,0.311875,0.676958,0.543167,0.044667,0.105042,0.541974,0.513104,0.702679
difficulty,PFP,delta=0.1;beta=5.0,369,0.368542,0.345708,0.317208,0.662917,0.526292,0.029875,0.137625,0.529395,0.509862,0.723805
difficulty,PFP,delta=0.1;beta=5.0,1024,0.372625,0.377208,0.294333,0.671542,0.550208,0.020542,0.127292,0.521356,0.515163,0.657814
difficulty,PFP,delta=0.1;beta=5.0,2026,0.367917,0.344,0.325708,0.669708,0.528292,0.041542,0.113417,0.546984,0.512998,0.725078
difficulty,PFP,delta=0.1;beta=10.0,42,0.289875,0.282917,0.284417,0.567333,0.427708,0.057333,0.18675,0.523508,0.487635,0.837801
difficulty,PFP,delta=0.1;beta=10.0,137,0.283708,0.271375,0.282708,0.554083,0.416208,0.067625,0.1875,0.528541,0.482119,0.874191
difficulty,PFP,delta=0.1;beta=10.0,369,0.279833,0.273,0.273167,0.546167,0.414125,0.064167,0.194083,0.52021,0.480203,0.874715
difficulty,PFP,delta=0.1;beta=10.0,1024,0.279875,0.282417,0.275292,0.557708,0.421542,0.053833,0.19575,0.51484,0.480592,0.845172
difficulty,PFP,delta=0.1;beta=10.0,2026,0.283125,0.28825,0.279708,0.567958,0.428667,0.072458,0.178458,0.533598,0.479964,0.87308
difficulty,PFP,delta=0.1;beta=20.0,42,0.135125,0.116875,0.194958,0.311833,0.1945,0.184708,0.347375,0.510356,0.377046,1.427347
difficulty,PFP,delta=0.1;beta=20.0,137,0.140625,0.120583,0.198417,0.319,0.20175,0.18775,0.344292,0.513912,0.377827,1.436239
difficulty,PFP,delta=0.1;beta=20.0,369,0.133542,0.131542,0.184458,0.316,0.204292,0.187792,0.34025,0.509894,0.377012,1.434195
difficulty,PFP,delta=0.1;beta=20.0,1024,0.135625,0.121167,0.194833,0.316,0.197583,0.178958,0.345,0.507487,0.370929,1.426696
difficulty,PFP,delta=0.1;beta=20.0,2026,0.140833,0.134583,0.18125,0.315833,0.210583,0.196417,0.3295,0.519142,0.371427,1.422578
difficulty,PFP,delta=0.1;beta=40.0,42,0.015875,0.01225,0.040458,0.052708,0.022833,0.410583,0.481292,0.500943,0.189928,2.665018
difficulty,PFP,delta=0.1;beta=40.0,137,0.022875,0.021625,0.040667,0.062292,0.034042,0.408583,0.472833,0.50276,0.19453,2.65933
difficulty,PFP,delta=0.1;beta=40.0,369,0.027792,0.020833,0.053167,0.074,0.038125,0.402125,0.474208,0.502645,0.193346,2.659928
difficulty,PFP,delta=0.1;beta=40.0,1024,0.021792,0.013292,0.058292,0.071583,0.030458,0.398542,0.478417,0.499518,0.189546,2.658858
difficulty,PFP,delta=0.1;beta=40.0,2026,0.021375,0.017,0.043625,0.060625,0.030542,0.410167,0.475208,0.506219,0.189954,2.655623
