"condition","start_sd","controller","distance","lo","hi","distance_weighted_by_problems","near_target_share","distance_last3"
"student unknown",1.3,"Adaptive test (standard prior)",0.866878514124068,0.849582706306877,0.884174321941259,0.94221790505256,0.297525884504409,0.911899997591049
"student unknown",1.3,"Adaptive test (prior matched to data)",0.83626943869236,0.820886326055759,0.851652551328962,0.902879958362302,0.303283395325975,0.868642328252798
"student unknown",1.3,"Adaptive test, forgetting",0.866968952809725,0.849608232182435,0.884329673437014,0.931775586408831,0.295989747138621,0.900638683863418
"student unknown",1.3,"Fixed staircase, step 0.15",0.94789668169479,0.928080114189234,0.967713249200347,0.981652674603183,0.262213857305458,0.960630919829961
"student unknown",1.3,"Fixed staircase, step 0.30",0.820541813797438,0.80491317327324,0.836170454321637,0.800740527522705,0.307027909814435,0.759443662924107
"student unknown",1.3,"Fixed staircase, step 0.50",0.792678964661204,0.780174334150278,0.80518359517213,0.769690384558582,0.319999100447327,0.727816358360708
"student unknown",1.3,"PEST-type staircase",0.835868828105187,0.820515040826025,0.851222615384348,0.829552423534897,0.305456931576132,0.802931178267612
"student unknown",1.3,"Stored-weight twin",0.90788039365815,0.889761010099117,0.925999777217184,0.883544293152104,0.273645654897335,0.852990426477028
"student unknown",1.3,"LearningGate (fractal)",0.89850264074588,0.880505666137792,0.916499615353968,0.878413255973544,0.277457670082368,0.847687104667783
"student unknown",1.3,"Original PFP-Core",0.997366480261168,0.9769013279068,1.01783163261554,1.14692066285047,0.262233986999351,1.14872105361047
"student known",0.65,"Adaptive test (standard prior)",0.64430395354984,0.631408439148384,0.657199467951297,0.769960448488406,0.396486163807984,0.802450459508385
"student known",0.65,"Adaptive test (prior matched to data)",0.653115380139078,0.638536708899265,0.667694051378891,0.813142103700807,0.398562072633839,0.845559079783954
"student known",0.65,"Adaptive test, forgetting",0.634042834882847,0.621696385076552,0.646389284689142,0.74669856020736,0.400508298133075,0.776721917029589
"student known",0.65,"Fixed staircase, step 0.15",0.619368004816403,0.606722130034401,0.632013879598405,0.716572162999262,0.403962597656765,0.74337234487239
"student known",0.65,"Fixed staircase, step 0.30",0.583945909963737,0.574233125204406,0.593658694723067,0.622086025329425,0.41970874999565,0.646832951262832
"student known",0.65,"Fixed staircase, step 0.50",0.634008008883744,0.625597250726934,0.642418767040555,0.654452662059703,0.387857104153145,0.688567065612341
"student known",0.65,"PEST-type staircase",0.620906326220186,0.610031871766681,0.631780780673691,0.674104004815762,0.402844410617892,0.710865875667276
"student known",0.65,"Stored-weight twin",0.59993626152847,0.588757908997986,0.611114614058954,0.651329623821046,0.405462185324358,0.676022954021407
"student known",0.65,"LearningGate (fractal)",0.594905294397059,0.58381919312868,0.605991395665438,0.648461367104031,0.41044773375243,0.671821914235647
"student known",0.65,"Original PFP-Core",0.709880208085639,0.695952593722748,0.723807822448531,0.888610021740015,0.37483567993701,0.928828078741774
