"arm","microseconds_per_decision","persistent_state"
"CAT 0.5 (EAP, reference)",8,"121-point posterior"
"CAT 0.5 (EAP, forgetting)",7.7,"121-point posterior"
"Staircase = Elo (0.15)",2,"1 number"
"PEST-type staircase",1.3,"3 numbers"
"Explicit gate (stored weights)",7.3,"4 weights + 6 numbers"
"PFP-W LearningGate",418.3,"24-byte seed + 6 numbers"
"PFP-W frozen",7.3,"24-byte seed + 6 numbers"
"PFP-W unsearched seed",344.7,"24-byte seed + 6 numbers"
"Original PFP-Core",2.7,"1 complex number"
"Original PFP-Core+J",1,"1 complex number + counter"
