"scenario","arm","versus","diff_mae","verdict"
"A. Stationary ability","CAT 0.5 (EAP, forgetting)","CAT 0.5 (EAP, reference)","0.061 [0.055, 0.066]","non-inferior"
"A. Stationary ability","Staircase = Elo (0.15)","CAT 0.5 (EAP, reference)","0.100 [0.094, 0.106]","inconclusive"
"A. Stationary ability","PEST-type staircase","CAT 0.5 (EAP, reference)","0.155 [0.147, 0.163]","inferior (beyond margin)"
"A. Stationary ability","Explicit gate (stored weights)","CAT 0.5 (EAP, reference)","0.173 [0.165, 0.180]","inferior (beyond margin)"
"A. Stationary ability","PFP-W LearningGate","CAT 0.5 (EAP, reference)","0.162 [0.155, 0.169]","inferior (beyond margin)"
"A. Stationary ability","PFP-W LearningGate","Explicit gate (stored weights)","-0.011 [-0.014, -0.007]","better"
"A. Stationary ability","PFP-W LearningGate","Staircase = Elo (0.15)","0.062 [0.058, 0.066]","non-inferior"
"A. Stationary ability","PFP-W LearningGate","Original PFP-Core","-0.263 [-0.281, -0.245]","better"
"A. Stationary ability","PFP-W frozen","CAT 0.5 (EAP, reference)","0.270 [0.262, 0.278]","inferior (beyond margin)"
"A. Stationary ability","PFP-W frozen","Explicit gate (stored weights)","0.097 [0.092, 0.102]","inconclusive"
"A. Stationary ability","PFP-W frozen","Staircase = Elo (0.15)","0.170 [0.165, 0.176]","inferior (beyond margin)"
"A. Stationary ability","PFP-W frozen","Original PFP-Core","-0.155 [-0.175, -0.136]","better"
"A. Stationary ability","PFP-W unsearched seed","CAT 0.5 (EAP, reference)","0.338 [0.330, 0.345]","inferior (beyond margin)"
"A. Stationary ability","PFP-W unsearched seed","Explicit gate (stored weights)","0.165 [0.159, 0.171]","inferior (beyond margin)"
"A. Stationary ability","PFP-W unsearched seed","Staircase = Elo (0.15)","0.238 [0.233, 0.243]","inferior (beyond margin)"
"A. Stationary ability","PFP-W unsearched seed","Original PFP-Core","-0.087 [-0.107, -0.068]","better"
"A. Stationary ability","Original PFP-Core","CAT 0.5 (EAP, reference)","0.425 [0.406, 0.444]","inferior (beyond margin)"
"A. Stationary ability","Original PFP-Core+J","CAT 0.5 (EAP, reference)","0.452 [0.431, 0.474]","inferior (beyond margin)"
"B. Slow learning (eta = 0.02)","CAT 0.5 (EAP, forgetting)","CAT 0.5 (EAP, reference)","0.020 [0.014, 0.026]","non-inferior"
"B. Slow learning (eta = 0.02)","Staircase = Elo (0.15)","CAT 0.5 (EAP, reference)","0.055 [0.048, 0.062]","non-inferior"
"B. Slow learning (eta = 0.02)","PEST-type staircase","CAT 0.5 (EAP, reference)","0.117 [0.109, 0.125]","inferior (beyond margin)"
"B. Slow learning (eta = 0.02)","Explicit gate (stored weights)","CAT 0.5 (EAP, reference)","0.129 [0.121, 0.137]","inferior (beyond margin)"
"B. Slow learning (eta = 0.02)","PFP-W LearningGate","CAT 0.5 (EAP, reference)","0.119 [0.112, 0.127]","inferior (beyond margin)"
"B. Slow learning (eta = 0.02)","PFP-W LearningGate","Explicit gate (stored weights)","-0.010 [-0.013, -0.006]","better"
"B. Slow learning (eta = 0.02)","PFP-W LearningGate","Staircase = Elo (0.15)","0.064 [0.060, 0.069]","non-inferior"
"B. Slow learning (eta = 0.02)","PFP-W LearningGate","Original PFP-Core","-0.248 [-0.264, -0.231]","better"
"B. Slow learning (eta = 0.02)","PFP-W frozen","CAT 0.5 (EAP, reference)","0.230 [0.222, 0.239]","inferior (beyond margin)"
"B. Slow learning (eta = 0.02)","PFP-W frozen","Explicit gate (stored weights)","0.101 [0.096, 0.106]","inconclusive"
"B. Slow learning (eta = 0.02)","PFP-W frozen","Staircase = Elo (0.15)","0.175 [0.170, 0.181]","inferior (beyond margin)"
"B. Slow learning (eta = 0.02)","PFP-W frozen","Original PFP-Core","-0.137 [-0.154, -0.119]","better"
"B. Slow learning (eta = 0.02)","PFP-W unsearched seed","CAT 0.5 (EAP, reference)","0.302 [0.294, 0.310]","inferior (beyond margin)"
"B. Slow learning (eta = 0.02)","PFP-W unsearched seed","Explicit gate (stored weights)","0.173 [0.167, 0.179]","inferior (beyond margin)"
"B. Slow learning (eta = 0.02)","PFP-W unsearched seed","Staircase = Elo (0.15)","0.247 [0.242, 0.253]","inferior (beyond margin)"
"B. Slow learning (eta = 0.02)","PFP-W unsearched seed","Original PFP-Core","-0.065 [-0.082, -0.047]","better"
"B. Slow learning (eta = 0.02)","Original PFP-Core","CAT 0.5 (EAP, reference)","0.367 [0.350, 0.384]","inferior (beyond margin)"
"B. Slow learning (eta = 0.02)","Original PFP-Core+J","CAT 0.5 (EAP, reference)","0.384 [0.365, 0.403]","inferior (beyond margin)"
"C. Fast learning (eta = 0.10)","CAT 0.5 (EAP, forgetting)","CAT 0.5 (EAP, reference)","-0.170 [-0.178, -0.162]","better"
"C. Fast learning (eta = 0.10)","Staircase = Elo (0.15)","CAT 0.5 (EAP, reference)","-0.354 [-0.360, -0.347]","better"
"C. Fast learning (eta = 0.10)","PEST-type staircase","CAT 0.5 (EAP, reference)","-0.289 [-0.297, -0.281]","better"
"C. Fast learning (eta = 0.10)","Explicit gate (stored weights)","CAT 0.5 (EAP, reference)","-0.326 [-0.334, -0.319]","better"
"C. Fast learning (eta = 0.10)","PFP-W LearningGate","CAT 0.5 (EAP, reference)","-0.334 [-0.341, -0.326]","better"
"C. Fast learning (eta = 0.10)","PFP-W LearningGate","Explicit gate (stored weights)","-0.007 [-0.010, -0.004]","better"
"C. Fast learning (eta = 0.10)","PFP-W LearningGate","Staircase = Elo (0.15)","0.020 [0.016, 0.025]","non-inferior"
"C. Fast learning (eta = 0.10)","PFP-W LearningGate","Original PFP-Core","-0.607 [-0.631, -0.584]","better"
"C. Fast learning (eta = 0.10)","PFP-W frozen","CAT 0.5 (EAP, reference)","-0.246 [-0.255, -0.237]","better"
"C. Fast learning (eta = 0.10)","PFP-W frozen","Explicit gate (stored weights)","0.081 [0.075, 0.086]","non-inferior"
"C. Fast learning (eta = 0.10)","PFP-W frozen","Staircase = Elo (0.15)","0.108 [0.101, 0.115]","inferior (beyond margin)"
"C. Fast learning (eta = 0.10)","PFP-W frozen","Original PFP-Core","-0.519 [-0.544, -0.495]","better"
"C. Fast learning (eta = 0.10)","PFP-W unsearched seed","CAT 0.5 (EAP, reference)","-0.182 [-0.190, -0.174]","better"
"C. Fast learning (eta = 0.10)","PFP-W unsearched seed","Explicit gate (stored weights)","0.145 [0.139, 0.151]","inferior (beyond margin)"
"C. Fast learning (eta = 0.10)","PFP-W unsearched seed","Staircase = Elo (0.15)","0.172 [0.165, 0.179]","inferior (beyond margin)"
"C. Fast learning (eta = 0.10)","PFP-W unsearched seed","Original PFP-Core","-0.455 [-0.480, -0.431]","better"
"C. Fast learning (eta = 0.10)","Original PFP-Core","CAT 0.5 (EAP, reference)","0.274 [0.251, 0.296]","inferior (beyond margin)"
"C. Fast learning (eta = 0.10)","Original PFP-Core+J","CAT 0.5 (EAP, reference)","0.280 [0.258, 0.303]","inferior (beyond margin)"
"D. Cold start (population mean +2, unknown)","CAT 0.5 (EAP, forgetting)","CAT 0.5 (EAP, reference)","0.153 [0.144, 0.161]","inferior (beyond margin)"
"D. Cold start (population mean +2, unknown)","Staircase = Elo (0.15)","CAT 0.5 (EAP, reference)","0.046 [0.038, 0.054]","non-inferior"
"D. Cold start (population mean +2, unknown)","PEST-type staircase","CAT 0.5 (EAP, reference)","0.026 [0.015, 0.038]","non-inferior"
"D. Cold start (population mean +2, unknown)","Explicit gate (stored weights)","CAT 0.5 (EAP, reference)","0.059 [0.048, 0.070]","non-inferior"
"D. Cold start (population mean +2, unknown)","PFP-W LearningGate","CAT 0.5 (EAP, reference)","0.052 [0.042, 0.063]","non-inferior"
"D. Cold start (population mean +2, unknown)","PFP-W LearningGate","Explicit gate (stored weights)","-0.006 [-0.010, -0.003]","better"
"D. Cold start (population mean +2, unknown)","PFP-W LearningGate","Staircase = Elo (0.15)","0.006 [0.000, 0.012]","non-inferior"
"D. Cold start (population mean +2, unknown)","PFP-W LearningGate","Original PFP-Core","-1.047 [-1.085, -1.008]","better"
"D. Cold start (population mean +2, unknown)","PFP-W frozen","CAT 0.5 (EAP, reference)","0.131 [0.119, 0.143]","inferior (beyond margin)"
"D. Cold start (population mean +2, unknown)","PFP-W frozen","Explicit gate (stored weights)","0.072 [0.067, 0.077]","non-inferior"
"D. Cold start (population mean +2, unknown)","PFP-W frozen","Staircase = Elo (0.15)","0.085 [0.077, 0.093]","non-inferior"
"D. Cold start (population mean +2, unknown)","PFP-W frozen","Original PFP-Core","-0.968 [-1.008, -0.928]","better"
"D. Cold start (population mean +2, unknown)","PFP-W unsearched seed","CAT 0.5 (EAP, reference)","0.182 [0.170, 0.194]","inferior (beyond margin)"
"D. Cold start (population mean +2, unknown)","PFP-W unsearched seed","Explicit gate (stored weights)","0.123 [0.117, 0.130]","inferior (beyond margin)"
"D. Cold start (population mean +2, unknown)","PFP-W unsearched seed","Staircase = Elo (0.15)","0.136 [0.127, 0.145]","inferior (beyond margin)"
"D. Cold start (population mean +2, unknown)","PFP-W unsearched seed","Original PFP-Core","-0.917 [-0.958, -0.876]","better"
"D. Cold start (population mean +2, unknown)","Original PFP-Core","CAT 0.5 (EAP, reference)","1.099 [1.063, 1.135]","inferior (beyond margin)"
"D. Cold start (population mean +2, unknown)","Original PFP-Core+J","CAT 0.5 (EAP, reference)","1.098 [1.063, 1.134]","inferior (beyond margin)"
"E. Sudden insight (+1.5 logit jump)","CAT 0.5 (EAP, forgetting)","CAT 0.5 (EAP, reference)","-0.160 [-0.168, -0.152]","better"
"E. Sudden insight (+1.5 logit jump)","Staircase = Elo (0.15)","CAT 0.5 (EAP, reference)","-0.231 [-0.239, -0.222]","better"
"E. Sudden insight (+1.5 logit jump)","PEST-type staircase","CAT 0.5 (EAP, reference)","-0.186 [-0.196, -0.176]","better"
"E. Sudden insight (+1.5 logit jump)","Explicit gate (stored weights)","CAT 0.5 (EAP, reference)","-0.198 [-0.207, -0.188]","better"
"E. Sudden insight (+1.5 logit jump)","PFP-W LearningGate","CAT 0.5 (EAP, reference)","-0.207 [-0.216, -0.197]","better"
"E. Sudden insight (+1.5 logit jump)","PFP-W LearningGate","Explicit gate (stored weights)","-0.009 [-0.012, -0.005]","better"
"E. Sudden insight (+1.5 logit jump)","PFP-W LearningGate","Staircase = Elo (0.15)","0.024 [0.019, 0.029]","non-inferior"
"E. Sudden insight (+1.5 logit jump)","PFP-W LearningGate","Original PFP-Core","-0.459 [-0.485, -0.434]","better"
"E. Sudden insight (+1.5 logit jump)","PFP-W frozen","CAT 0.5 (EAP, reference)","-0.124 [-0.134, -0.114]","better"
"E. Sudden insight (+1.5 logit jump)","PFP-W frozen","Explicit gate (stored weights)","0.074 [0.068, 0.079]","non-inferior"
"E. Sudden insight (+1.5 logit jump)","PFP-W frozen","Staircase = Elo (0.15)","0.106 [0.100, 0.113]","inferior (beyond margin)"
"E. Sudden insight (+1.5 logit jump)","PFP-W frozen","Original PFP-Core","-0.377 [-0.403, -0.351]","better"
"E. Sudden insight (+1.5 logit jump)","PFP-W unsearched seed","CAT 0.5 (EAP, reference)","-0.064 [-0.074, -0.055]","better"
"E. Sudden insight (+1.5 logit jump)","PFP-W unsearched seed","Explicit gate (stored weights)","0.133 [0.127, 0.140]","inferior (beyond margin)"
"E. Sudden insight (+1.5 logit jump)","PFP-W unsearched seed","Staircase = Elo (0.15)","0.166 [0.160, 0.173]","inferior (beyond margin)"
"E. Sudden insight (+1.5 logit jump)","PFP-W unsearched seed","Original PFP-Core","-0.317 [-0.344, -0.291]","better"
"E. Sudden insight (+1.5 logit jump)","Original PFP-Core","CAT 0.5 (EAP, reference)","0.253 [0.228, 0.278]","inferior (beyond margin)"
"E. Sudden insight (+1.5 logit jump)","Original PFP-Core+J","CAT 0.5 (EAP, reference)","0.264 [0.239, 0.289]","inferior (beyond margin)"
"F. Guessing (3PL, c = 0.25)","CAT 0.5 (EAP, forgetting)","CAT 0.5 (EAP, reference)","-0.003 [-0.013, 0.007]","non-inferior"
"F. Guessing (3PL, c = 0.25)","Staircase = Elo (0.15)","CAT 0.5 (EAP, reference)","0.137 [0.125, 0.150]","inferior (beyond margin)"
"F. Guessing (3PL, c = 0.25)","PEST-type staircase","CAT 0.5 (EAP, reference)","0.253 [0.237, 0.269]","inferior (beyond margin)"
"F. Guessing (3PL, c = 0.25)","Explicit gate (stored weights)","CAT 0.5 (EAP, reference)","0.252 [0.236, 0.267]","inferior (beyond margin)"
"F. Guessing (3PL, c = 0.25)","PFP-W LearningGate","CAT 0.5 (EAP, reference)","0.238 [0.223, 0.253]","inferior (beyond margin)"
"F. Guessing (3PL, c = 0.25)","PFP-W LearningGate","Explicit gate (stored weights)","-0.014 [-0.019, -0.008]","better"
"F. Guessing (3PL, c = 0.25)","PFP-W LearningGate","Staircase = Elo (0.15)","0.100 [0.093, 0.108]","inconclusive"
"F. Guessing (3PL, c = 0.25)","PFP-W LearningGate","Original PFP-Core","0.032 [0.010, 0.055]","non-inferior"
"F. Guessing (3PL, c = 0.25)","PFP-W frozen","CAT 0.5 (EAP, reference)","0.374 [0.357, 0.390]","inferior (beyond margin)"
"F. Guessing (3PL, c = 0.25)","PFP-W frozen","Explicit gate (stored weights)","0.122 [0.114, 0.130]","inferior (beyond margin)"
"F. Guessing (3PL, c = 0.25)","PFP-W frozen","Staircase = Elo (0.15)","0.237 [0.227, 0.246]","inferior (beyond margin)"
"F. Guessing (3PL, c = 0.25)","PFP-W frozen","Original PFP-Core","0.169 [0.145, 0.193]","inferior (beyond margin)"
"F. Guessing (3PL, c = 0.25)","PFP-W unsearched seed","CAT 0.5 (EAP, reference)","0.454 [0.437, 0.471]","inferior (beyond margin)"
"F. Guessing (3PL, c = 0.25)","PFP-W unsearched seed","Explicit gate (stored weights)","0.202 [0.192, 0.212]","inferior (beyond margin)"
"F. Guessing (3PL, c = 0.25)","PFP-W unsearched seed","Staircase = Elo (0.15)","0.316 [0.306, 0.327]","inferior (beyond margin)"
"F. Guessing (3PL, c = 0.25)","PFP-W unsearched seed","Original PFP-Core","0.248 [0.224, 0.273]","inferior (beyond margin)"
"F. Guessing (3PL, c = 0.25)","Original PFP-Core","CAT 0.5 (EAP, reference)","0.205 [0.182, 0.228]","inferior (beyond margin)"
"F. Guessing (3PL, c = 0.25)","Original PFP-Core+J","CAT 0.5 (EAP, reference)","0.214 [0.190, 0.238]","inferior (beyond margin)"
