"scenario","arm","mae","corridor","frustration","boredom","trials_to_acquire","mean_P","gain","acquire_ci","max_fail_run","reacquire_ci"
"A. Stationary ability","CAT 0.5 (EAP, reference)","0.257 [0.249, 0.264]","0.818 [0.806, 0.829]","0.019","0.001","7.0","0.499","0.000","6.990 [6.241, 7.739]","6.25",""
"A. Stationary ability","CAT 0.5 (EAP, forgetting)","0.317 [0.310, 0.325]","0.713 [0.702, 0.725]","0.023","0.001","6.3","0.498","0.000","6.273 [5.695, 6.851]","5.96",""
"A. Stationary ability","Staircase = Elo (0.15)","0.356 [0.350, 0.362]","0.655 [0.647, 0.664]","0.033","0.002","8.2","0.499","0.000","8.194 [7.641, 8.747]","5.85",""
"A. Stationary ability","PEST-type staircase","0.412 [0.404, 0.419]","0.597 [0.586, 0.607]","0.052","0.004","6.4","0.502","0.000","6.449 [5.915, 6.983]","5.62",""
"A. Stationary ability","Explicit gate (stored weights)","0.429 [0.422, 0.436]","0.563 [0.553, 0.572]","0.057","0.003","7.7","0.502","0.000","7.725 [7.205, 8.245]","5.98",""
"A. Stationary ability","PFP-W LearningGate","0.419 [0.412, 0.425]","0.571 [0.563, 0.579]","0.053","0.002","7.3","0.502","0.000","7.342 [6.866, 7.818]","5.82",""
"A. Stationary ability","PFP-W frozen","0.526 [0.520, 0.533]","0.470 [0.464, 0.476]","0.098","0.006","5.5","0.500","0.000","5.526 [5.173, 5.879]","5.62",""
"A. Stationary ability","PFP-W unsearched seed","0.594 [0.589, 0.599]","0.420 [0.416, 0.423]","0.124","0.012","3.3","0.502","0.000","3.316 [3.108, 3.524]","4.65",""
"A. Stationary ability","Original PFP-Core","0.682 [0.661, 0.702]","0.365 [0.354, 0.377]","0.168","0.019","16.3","0.495","0.000","16.266 [13.973, 18.559]","5.22",""
"A. Stationary ability","Original PFP-Core+J","0.709 [0.686, 0.732]","0.353 [0.341, 0.366]","0.189","0.018","18.6","0.485","0.000","18.602 [16.122, 21.082]","6.16",""
"B. Slow learning (eta = 0.02)","CAT 0.5 (EAP, reference)","0.286 [0.278, 0.294]","0.770 [0.754, 0.785]","0.015","0.001","5.7","0.535","0.582","5.725 [5.113, 6.337]","5.71",""
"B. Slow learning (eta = 0.02)","CAT 0.5 (EAP, forgetting)","0.306 [0.298, 0.313]","0.728 [0.716, 0.740]","0.016","0.001","5.6","0.522","0.580","5.578 [4.988, 6.168]","5.54",""
"B. Slow learning (eta = 0.02)","Staircase = Elo (0.15)","0.341 [0.335, 0.346]","0.671 [0.663, 0.679]","0.022","0.001","7.1","0.511","0.576","7.084 [6.597, 7.571]","5.67",""
"B. Slow learning (eta = 0.02)","PEST-type staircase","0.403 [0.395, 0.411]","0.611 [0.601, 0.622]","0.048","0.003","5.6","0.509","0.566","5.598 [5.144, 6.052]","5.50",""
"B. Slow learning (eta = 0.02)","Explicit gate (stored weights)","0.415 [0.409, 0.421]","0.577 [0.569, 0.586]","0.049","0.002","7.3","0.507","0.565","7.257 [6.779, 7.735]","5.88",""
"B. Slow learning (eta = 0.02)","PFP-W LearningGate","0.405 [0.399, 0.411]","0.587 [0.579, 0.595]","0.045","0.001","6.7","0.507","0.567","6.708 [6.260, 7.156]","5.69",""
"B. Slow learning (eta = 0.02)","PFP-W frozen","0.516 [0.510, 0.522]","0.478 [0.471, 0.484]","0.093","0.005","5.1","0.503","0.549","5.109 [4.789, 5.429]","5.62",""
"B. Slow learning (eta = 0.02)","PFP-W unsearched seed","0.588 [0.583, 0.593]","0.426 [0.422, 0.430]","0.120","0.012","3.1","0.503","0.536","3.110 [2.917, 3.303]","4.59",""
"B. Slow learning (eta = 0.02)","Original PFP-Core","0.653 [0.635, 0.671]","0.379 [0.369, 0.390]","0.112","0.021","13.1","0.530","0.523","13.082 [11.096, 15.068]","4.53",""
"B. Slow learning (eta = 0.02)","Original PFP-Core+J","0.670 [0.650, 0.690]","0.372 [0.361, 0.383]","0.128","0.021","14.7","0.523","0.520","14.732 [12.582, 16.882]","5.20",""
"C. Fast learning (eta = 0.10)","CAT 0.5 (EAP, reference)","0.755 [0.747, 0.763]","0.195 [0.188, 0.203]","0.009","0.001","9.5","0.661","2.561","9.528 [7.993, 11.063]","4.46",""
"C. Fast learning (eta = 0.10)","CAT 0.5 (EAP, forgetting)","0.585 [0.574, 0.596]","0.308 [0.295, 0.320]","0.009","0.001","7.3","0.623","2.712","7.325 [6.237, 8.413]","4.47",""
"C. Fast learning (eta = 0.10)","Staircase = Elo (0.15)","0.401 [0.393, 0.408]","0.579 [0.568, 0.590]","0.012","0.002","8.0","0.569","2.843","7.973 [7.402, 8.544]","4.98",""
"C. Fast learning (eta = 0.10)","PEST-type staircase","0.465 [0.458, 0.473]","0.497 [0.487, 0.507]","0.033","0.004","5.5","0.557","2.794","5.461 [5.008, 5.914]","5.01",""
"C. Fast learning (eta = 0.10)","Explicit gate (stored weights)","0.428 [0.422, 0.435]","0.556 [0.547, 0.565]","0.027","0.003","7.1","0.545","2.826","7.083 [6.619, 7.547]","5.41",""
"C. Fast learning (eta = 0.10)","PFP-W LearningGate","0.421 [0.415, 0.428]","0.564 [0.555, 0.573]","0.023","0.002","6.6","0.547","2.828","6.600 [6.179, 7.021]","5.25",""
"C. Fast learning (eta = 0.10)","PFP-W frozen","0.509 [0.502, 0.515]","0.483 [0.476, 0.490]","0.064","0.007","5.0","0.526","2.752","5.022 [4.725, 5.319]","5.34",""
"C. Fast learning (eta = 0.10)","PFP-W unsearched seed","0.573 [0.568, 0.578]","0.436 [0.432, 0.440]","0.092","0.014","3.0","0.522","2.705","3.031 [2.855, 3.207]","4.37",""
"C. Fast learning (eta = 0.10)","Original PFP-Core","1.028 [1.004, 1.052]","0.210 [0.202, 0.219]","0.039","0.155","15.9","0.673","2.267","15.858 [13.652, 18.064]","3.47",""
"C. Fast learning (eta = 0.10)","Original PFP-Core+J","1.035 [1.011, 1.059]","0.207 [0.198, 0.215]","0.046","0.155","16.4","0.670","2.261","16.440 [14.214, 18.666]","3.84",""
"D. Cold start (population mean +2, unknown)","CAT 0.5 (EAP, reference)","0.448 [0.434, 0.462]","0.584 [0.564, 0.604]","0.001","0.025","21.3","0.596","0.557","21.336 [19.700, 22.972]","4.99",""
"D. Cold start (population mean +2, unknown)","CAT 0.5 (EAP, forgetting)","0.601 [0.584, 0.617]","0.369 [0.352, 0.386]","0.001","0.028","24.4","0.631","0.536","24.372 [22.555, 26.189]","4.32",""
"D. Cold start (population mean +2, unknown)","Staircase = Elo (0.15)","0.494 [0.484, 0.504]","0.579 [0.570, 0.587]","0.006","0.043","20.6","0.568","0.548","20.575 [19.809, 21.341]","5.13",""
"D. Cold start (population mean +2, unknown)","PEST-type staircase","0.474 [0.466, 0.483]","0.569 [0.558, 0.580]","0.039","0.024","11.1","0.537","0.551","11.075 [10.461, 11.689]","5.34",""
"D. Cold start (population mean +2, unknown)","Explicit gate (stored weights)","0.507 [0.499, 0.515]","0.537 [0.528, 0.545]","0.036","0.033","14.0","0.539","0.546","13.973 [13.427, 14.519]","5.72",""
"D. Cold start (population mean +2, unknown)","PFP-W LearningGate","0.500 [0.493, 0.508]","0.541 [0.533, 0.550]","0.030","0.033","14.1","0.542","0.548","14.132 [13.588, 14.676]","5.44",""
"D. Cold start (population mean +2, unknown)","PFP-W frozen","0.579 [0.572, 0.586]","0.455 [0.448, 0.461]","0.081","0.029","9.7","0.525","0.536","9.653 [9.299, 10.007]","5.54",""
"D. Cold start (population mean +2, unknown)","PFP-W unsearched seed","0.630 [0.624, 0.636]","0.406 [0.402, 0.410]","0.109","0.028","6.3","0.521","0.528","6.327 [6.064, 6.590]","4.51",""
"D. Cold start (population mean +2, unknown)","Original PFP-Core","1.547 [1.504, 1.590]","0.082 [0.072, 0.092]","0.003","0.396","84.3","0.791","0.356","84.322 [80.960, 87.684]","2.14",""
"D. Cold start (population mean +2, unknown)","Original PFP-Core+J","1.546 [1.503, 1.590]","0.082 [0.072, 0.092]","0.003","0.395","84.3","0.790","0.357","84.321 [80.959, 87.683]","2.15",""
"E. Sudden insight (+1.5 logit jump)","CAT 0.5 (EAP, reference)","0.683 [0.674, 0.693]","0.376 [0.365, 0.387]","0.015","0.013","6.2","0.619","-0.000","6.185 [5.466, 6.904]","5.24","55.974 [54.938, 57.010]"
"E. Sudden insight (+1.5 logit jump)","CAT 0.5 (EAP, forgetting)","0.523 [0.513, 0.533]","0.486 [0.476, 0.497]","0.017","0.011","5.7","0.579","-0.000","5.745 [5.169, 6.321]","5.17","28.527 [27.563, 29.491]"
"E. Sudden insight (+1.5 logit jump)","Staircase = Elo (0.15)","0.453 [0.446, 0.460]","0.563 [0.555, 0.572]","0.024","0.010","7.8","0.544","-0.000","7.766 [7.221, 8.311]","5.48","14.814 [14.327, 15.301]"
"E. Sudden insight (+1.5 logit jump)","PEST-type staircase","0.497 [0.490, 0.505]","0.527 [0.517, 0.536]","0.053","0.014","5.7","0.530","-0.000","5.728 [5.247, 6.209]","5.47","11.695 [11.112, 12.278]"
"E. Sudden insight (+1.5 logit jump)","Explicit gate (stored weights)","0.486 [0.479, 0.493]","0.530 [0.522, 0.539]","0.048","0.014","7.3","0.527","-0.000","7.345 [6.853, 7.837]","5.76","11.236 [10.762, 11.710]"
"E. Sudden insight (+1.5 logit jump)","PFP-W LearningGate","0.477 [0.470, 0.483]","0.532 [0.524, 0.539]","0.044","0.012","6.9","0.528","-0.000","6.893 [6.438, 7.348]","5.55","10.446 [10.002, 10.890]"
"E. Sudden insight (+1.5 logit jump)","PFP-W frozen","0.559 [0.553, 0.566]","0.452 [0.446, 0.458]","0.088","0.017","5.2","0.516","-0.000","5.211 [4.892, 5.530]","5.59","7.127 [6.817, 7.437]"
"E. Sudden insight (+1.5 logit jump)","PFP-W unsearched seed","0.619 [0.614, 0.624]","0.408 [0.404, 0.411]","0.116","0.020","3.2","0.515","-0.000","3.200 [3.011, 3.389]","4.57","4.604 [4.375, 4.833]"
"E. Sudden insight (+1.5 logit jump)","Original PFP-Core","0.936 [0.910, 0.963]","0.264 [0.255, 0.272]","0.079","0.128","14.4","0.617","-0.000","14.423 [12.422, 16.424]","4.23","32.588 [30.639, 34.537]"
"E. Sudden insight (+1.5 logit jump)","Original PFP-Core+J","0.948 [0.921, 0.974]","0.259 [0.251, 0.268]","0.089","0.127","16.0","0.612","-0.000","16.015 [13.933, 18.097]","4.86","32.516 [30.563, 34.469]"
"F. Guessing (3PL, c = 0.25)","CAT 0.5 (EAP, reference)","0.496 [0.478, 0.515]","0.752 [0.733, 0.771]","0.000","0.002","17.7","0.550","0.580","17.736 [15.523, 19.949]","5.48",""
"F. Guessing (3PL, c = 0.25)","CAT 0.5 (EAP, forgetting)","0.494 [0.477, 0.510]","0.687 [0.671, 0.704]","0.000","0.002","13.6","0.557","0.575","13.588 [11.869, 15.307]","5.18",""
"F. Guessing (3PL, c = 0.25)","Staircase = Elo (0.15)","0.634 [0.620, 0.647]","0.739 [0.730, 0.749]","0.001","0.003","13.0","0.533","0.577","13.001 [11.728, 14.274]","5.47",""
"F. Guessing (3PL, c = 0.25)","PEST-type staircase","0.750 [0.732, 0.767]","0.665 [0.653, 0.677]","0.008","0.004","12.4","0.522","0.572","12.402 [11.011, 13.793]","5.54",""
"F. Guessing (3PL, c = 0.25)","Explicit gate (stored weights)","0.748 [0.734, 0.763]","0.660 [0.650, 0.670]","0.006","0.004","12.9","0.521","0.572","12.890 [11.634, 14.146]","5.75",""
"F. Guessing (3PL, c = 0.25)","PFP-W LearningGate","0.734 [0.720, 0.749]","0.669 [0.660, 0.678]","0.004","0.003","11.7","0.522","0.574","11.745 [10.582, 12.908]","5.56",""
"F. Guessing (3PL, c = 0.25)","PFP-W frozen","0.870 [0.856, 0.885]","0.559 [0.551, 0.567]","0.018","0.005","8.2","0.515","0.561","8.192 [7.467, 8.917]","5.66",""
"F. Guessing (3PL, c = 0.25)","PFP-W unsearched seed","0.950 [0.936, 0.965]","0.510 [0.504, 0.516]","0.031","0.009","4.5","0.513","0.555","4.497 [4.107, 4.887]","4.96",""
"F. Guessing (3PL, c = 0.25)","Original PFP-Core","0.702 [0.680, 0.724]","0.379 [0.362, 0.396]","0.004","0.048","15.4","0.620","0.517","15.421 [13.293, 17.549]","3.61",""
"F. Guessing (3PL, c = 0.25)","Original PFP-Core+J","0.710 [0.687, 0.734]","0.380 [0.363, 0.397]","0.005","0.048","16.8","0.617","0.518","16.756 [14.524, 18.988]","3.79",""
